tournament;date;Team;GP;AGT;KD;CKPM;GPR;GSPD;EGR;MLR;GD15;FB%;FT%;F3T%;PPG;HLD%;GRB%;FD%;DRG%;ELD%;FBN%;BN%;LNE%;JNG%;WPM;CWPM;WCPM;winrate%
2025 Mid-Season Invitational;2025-06-27;FURIA;5;32.3;0.96;0.96;-0.48;-0.008;39.9;0.1;-524;0.6;0.8;0.6;3.8;0.0;0.73;0.6;0.45;;0.2;0.33;0.502;0.47100000000000003;3.05;1.11;1.21;0.4
2025 Mid-Season Invitational;2025-06-27;G2 Esports;5;32.3;1.04;0.96;0.48;0.008;60.1;-0.1;524;0.4;0.2;0.4;3.4;1.0;0.27;0.4;0.55;;0.6;0.67;0.498;0.529;3.2;0.97;1.26;0.6
2025 Mid-Season Invitational;2025-06-28;Bilibili Gaming;3;28.8;2.61;1.17;2.17;0.095;63.7;36.3;1597;0.67;1.0;0.67;4.3;0.67;0.56;1.0;1.0;;0.33;1.0;0.506;0.579;2.92;1.11;1.25;1.0
2025 Mid-Season Invitational;2025-06-28;FURIA;10;33.3;0.9;0.91;-0.67;-0.001;39.9;0.1;-612;0.5;0.7;0.5;3.9;0.1;0.63;0.5;0.43;0.0;0.4;0.5;0.503;0.475;3.02;1.11;1.32;0.4
2025 Mid-Season Invitational;2025-06-28;G2 Esports;5;32.3;1.04;0.96;0.48;0.008;60.1;-0.1;524;0.4;0.2;0.4;3.4;1.0;0.27;0.4;0.55;;0.6;0.67;0.498;0.529;3.2;0.97;1.26;0.6
2025 Mid-Season Invitational;2025-06-28;GAM Esports;8;32.3;0.77;0.97;-0.17;-0.04;51.2;-13.7;-162;0.5;0.25;0.5;4.0;0.63;0.46;0.38;0.39;1.0;0.25;0.29;0.495;0.483;3.15;1.2;1.12;0.375
2025 Mid-Season Invitational;2025-06-29;Bilibili Gaming;6;30.9;2.56;0.96;1.82;0.09300000000000001;64.4;35.6;1219;0.83;0.83;0.83;4.3;0.83;0.39;1.0;0.88;;0.67;1.0;0.503;0.5579999999999999;3.03;1.14;1.4;1.0
2025 Mid-Season Invitational;2025-06-29;FURIA;10;33.3;0.9;0.91;-0.67;-0.001;39.9;0.1;-612;0.5;0.7;0.5;3.9;0.1;0.63;0.5;0.43;0.0;0.4;0.5;0.503;0.475;3.02;1.11;1.32;0.4
2025 Mid-Season Invitational;2025-06-29;G2 Esports;8;32.5;0.77;0.89;-0.28;-0.028999999999999998;50.7;-13.2;12;0.25;0.25;0.25;3.4;0.63;0.46;0.25;0.44;;0.38;0.44;0.498;0.505;3.2;0.98;1.31;0.375
2025 Mid-Season Invitational;2025-06-29;GAM Esports;8;32.3;0.77;0.97;-0.17;-0.04;51.2;-13.7;-162;0.5;0.25;0.5;4.0;0.63;0.46;0.38;0.39;1.0;0.25;0.29;0.495;0.483;3.15;1.2;1.12;0.375
2025 Mid-Season Invitational;2025-07-01;Bilibili Gaming;6;30.9;2.56;0.96;1.82;0.09300000000000001;64.4;35.6;1219;0.83;0.83;0.83;4.3;0.83;0.39;1.0;0.88;;0.67;1.0;0.503;0.5579999999999999;3.03;1.14;1.4;1.0
2025 Mid-Season Invitational;2025-07-01;FURIA;10;33.3;0.9;0.91;-0.67;-0.001;39.9;0.1;-612;0.5;0.7;0.5;3.9;0.1;0.63;0.5;0.43;0.0;0.4;0.5;0.503;0.475;3.02;1.11;1.32;0.4
2025 Mid-Season Invitational;2025-07-01;G2 Esports;13;32.4;0.86;0.83;-0.14;-0.02;51.3;-5.1;-116;0.38;0.31;0.38;4.2;0.62;0.54;0.46;0.43;0.0;0.38;0.46;0.49700000000000005;0.523;3.22;0.99;1.32;0.46153846153846156
2025 Mid-Season Invitational;2025-07-01;GAM Esports;13;32.3;0.82;0.88;-0.14;-0.022000000000000002;49.9;-11.4;24;0.46;0.38;0.46;4.7;0.54;0.41;0.31;0.47;1.0;0.31;0.36;0.499;0.47;3.22;1.23;1.22;0.38461538461538464
2025 Mid-Season Invitational;2025-07-02;Bilibili Gaming;6;30.9;2.56;0.96;1.82;0.09300000000000001;64.4;35.6;1219;0.83;0.83;0.83;4.3;0.83;0.39;1.0;0.88;;0.67;1.0;0.503;0.5579999999999999;3.03;1.14;1.4;1.0
2025 Mid-Season Invitational;2025-07-02;FURIA;10;33.3;0.9;0.91;-0.67;-0.001;39.9;0.1;-612;0.5;0.7;0.5;3.9;0.1;0.63;0.5;0.43;0.0;0.4;0.5;0.503;0.475;3.02;1.11;1.32;0.4
2025 Mid-Season Invitational;2025-07-02;G2 Esports;17;32.0;0.84;0.84;-0.43;-0.031;47.0;-5.8;-444;0.35;0.24;0.35;3.4;0.47;0.41;0.59;0.43;0.5;0.29;0.38;0.494;0.512;3.21;0.99;1.33;0.4117647058823529
2025 Mid-Season Invitational;2025-07-02;GAM Esports;13;32.3;0.82;0.88;-0.14;-0.022000000000000002;49.9;-11.4;24;0.46;0.38;0.46;4.7;0.54;0.41;0.31;0.47;1.0;0.31;0.36;0.499;0.47;3.22;1.23;1.22;0.38461538461538464
2025 Mid-Season Invitational;2025-07-02;Gen.G;4;30.5;1.3;0.88;1.43;0.067;67.1;7.9;1512;0.75;1.0;0.75;3.5;1.0;1.0;0.0;0.56;0.0;0.75;1.0;0.516;0.525;3.47;1.26;1.6;0.75
2025 Mid-Season Invitational;2025-07-03;Anyone's Legend;4;32.9;1.3;1.05;0.91;0.040999999999999995;68.1;6.9;1403;0.75;0.75;0.75;2.5;1.0;1.0;0.75;0.63;;0.75;0.67;0.514;0.5379999999999999;3.58;1.35;1.77;0.75
2025 Mid-Season Invitational;2025-07-03;Bilibili Gaming;10;33.0;1.87;0.87;1.48;0.064;66.1;23.9;1102;0.7;0.9;0.7;4.5;0.7;0.6;0.9;0.77;1.0;0.5;0.7;0.502;0.5489999999999999;3.18;1.23;1.55;0.9
2025 Mid-Season Invitational;2025-07-03;CTBC Flying Oyster;1;36.6;0.58;1.12;-0.55;-0.054000000000000006;54.4;-54.4;-389;1.0;0.0;0.0;4.0;1.0;0.67;0.0;0.4;;1.0;0.5;0.48100000000000004;0.49;3.99;1.64;1.45;0.0
2025 Mid-Season Invitational;2025-07-03;FlyQuest;4;32.9;0.77;1.05;-0.91;-0.040999999999999995;31.9;-6.9;-1403;0.25;0.25;0.25;1.0;0.0;0.0;0.25;0.38;;0.25;0.33;0.486;0.462;3.59;1.19;1.34;0.25
2025 Mid-Season Invitational;2025-07-03;FURIA;10;33.3;0.9;0.91;-0.67;-0.001;39.9;0.1;-612;0.5;0.7;0.5;3.9;0.1;0.63;0.5;0.43;0.0;0.4;0.5;0.503;0.475;3.02;1.11;1.32;0.4
2025 Mid-Season Invitational;2025-07-03;G2 Esports;17;32.0;0.84;0.84;-0.43;-0.031;47.0;-5.8;-444;0.35;0.24;0.35;3.4;0.47;0.41;0.59;0.43;0.5;0.29;0.38;0.494;0.512;3.21;0.99;1.33;0.4117647058823529
2025 Mid-Season Invitational;2025-07-03;GAM Esports;13;32.3;0.82;0.88;-0.14;-0.022000000000000002;49.9;-11.4;24;0.46;0.38;0.46;4.7;0.54;0.41;0.31;0.47;1.0;0.31;0.36;0.499;0.47;3.22;1.23;1.22;0.38461538461538464
2025 Mid-Season Invitational;2025-07-03;Gen.G;4;30.5;1.3;0.88;1.43;0.067;67.1;7.9;1512;0.75;1.0;0.75;3.5;1.0;1.0;0.0;0.56;0.0;0.75;1.0;0.516;0.525;3.47;1.26;1.6;0.75
2025 Mid-Season Invitational;2025-07-03;Movistar KOI;4;36.1;0.85;0.75;-1.04;-0.021;31.3;-6.3;-926;0.5;0.0;0.5;2.3;0.5;0.08;0.25;0.37;0.0;0.75;0.5;0.501;0.46399999999999997;3.4;1.2;1.73;0.25
2025 Mid-Season Invitational;2025-07-03;T1;1;36.6;1.73;1.12;0.55;0.054000000000000006;45.6;54.4;389;0.0;1.0;1.0;6.0;0.0;0.33;1.0;0.6;;0.0;0.5;0.519;0.51;3.06;1.07;1.99;1.0
2025 Mid-Season Invitational;2025-07-04;Anyone's Legend;7;31.7;1.16;0.97;0.64;0.017;64.2;-7.0;1122;0.43;0.71;0.57;1.4;1.0;0.95;0.71;0.5;;0.57;0.63;0.504;0.532;3.52;1.31;1.7;0.5714285714285714
2025 Mid-Season Invitational;2025-07-04;Bilibili Gaming;10;33.0;1.87;0.87;1.48;0.064;66.1;23.9;1102;0.7;0.9;0.7;4.5;0.7;0.6;0.9;0.77;1.0;0.5;0.7;0.502;0.5489999999999999;3.18;1.23;1.55;0.9
2025 Mid-Season Invitational;2025-07-04;CTBC Flying Oyster;5;31.5;0.9;1.08;-0.1;0.004;49.4;-9.4;-674;0.6;0.4;0.4;4.4;0.6;0.6;0.6;0.59;;0.8;0.8;0.483;0.505;3.96;1.56;1.43;0.4
2025 Mid-Season Invitational;2025-07-04;FlyQuest;7;34.0;1.02;0.89;-0.06;-0.01;44.5;12.7;-434;0.29;0.43;0.43;2.1;0.29;0.43;0.43;0.47;1.0;0.43;0.5;0.49;0.499;3.59;1.11;1.37;0.5714285714285714
2025 Mid-Season Invitational;2025-07-04;FURIA;10;33.3;0.9;0.91;-0.67;-0.001;39.9;0.1;-612;0.5;0.7;0.5;3.9;0.1;0.63;0.5;0.43;0.0;0.4;0.5;0.503;0.475;3.02;1.11;1.32;0.4
2025 Mid-Season Invitational;2025-07-04;G2 Esports;20;32.5;0.79;0.82;-0.52;-0.031;45.7;-10.7;-506;0.4;0.25;0.35;3.1;0.45;0.35;0.55;0.43;0.33;0.25;0.35;0.495;0.503;3.2;1.01;1.34;0.35
2025 Mid-Season Invitational;2025-07-04;GAM Esports;13;32.3;0.82;0.88;-0.14;-0.022000000000000002;49.9;-11.4;24;0.46;0.38;0.46;4.7;0.54;0.41;0.31;0.47;1.0;0.31;0.36;0.499;0.47;3.22;1.23;1.22;0.38461538461538464
2025 Mid-Season Invitational;2025-07-04;Gen.G;7;30.3;1.19;0.88;0.71;0.045;55.9;15.5;544;0.86;0.71;0.71;2.6;0.57;0.62;0.14;0.6;0.0;0.57;0.8;0.513;0.504;3.48;1.28;1.58;0.7142857142857143
2025 Mid-Season Invitational;2025-07-04;Movistar KOI;4;36.1;0.85;0.75;-1.04;-0.021;31.3;-6.3;-926;0.5;0.0;0.5;2.3;0.5;0.08;0.25;0.37;0.0;0.75;0.5;0.501;0.46399999999999997;3.4;1.2;1.73;0.25
2025 Mid-Season Invitational;2025-07-04;T1;5;31.5;1.1;1.08;0.1;-0.004;50.6;9.4;674;0.4;0.6;0.6;6.0;0.4;0.4;0.4;0.41;;0.0;0.2;0.517;0.495;3.44;1.23;1.74;0.6
2025 Mid-Season Invitational;2025-07-05;Anyone's Legend;9;31.3;1.11;0.92;0.45;0.016;58.7;-3.1;836;0.44;0.78;0.56;1.8;1.0;0.89;0.56;0.46;;0.56;0.6;0.502;0.528;3.55;1.32;1.7;0.5555555555555556
2025 Mid-Season Invitational;2025-07-05;Bilibili Gaming;12;32.5;1.49;0.88;1.19;0.035;64.4;10.6;1017;0.75;0.75;0.67;4.7;0.67;0.67;0.75;0.65;1.0;0.42;0.58;0.5;0.535;3.15;1.23;1.54;0.75
2025 Mid-Season Invitational;2025-07-05;CTBC Flying Oyster;9;32.0;1.05;0.93;0.36;0.027999999999999997;52.9;2.6;-101;0.56;0.56;0.56;4.9;0.56;0.56;0.67;0.6;;0.78;0.8;0.48700000000000004;0.523;3.92;1.55;1.55;0.5555555555555556
2025 Mid-Season Invitational;2025-07-05;FlyQuest;7;34.0;1.02;0.89;-0.06;-0.01;44.5;12.7;-434;0.29;0.43;0.43;2.1;0.29;0.43;0.43;0.47;1.0;0.43;0.5;0.49;0.499;3.59;1.11;1.37;0.5714285714285714
2025 Mid-Season Invitational;2025-07-05;FURIA;10;33.3;0.9;0.91;-0.67;-0.001;39.9;0.1;-612;0.5;0.7;0.5;3.9;0.1;0.63;0.5;0.43;0.0;0.4;0.5;0.503;0.475;3.02;1.11;1.32;0.4
2025 Mid-Season Invitational;2025-07-05;G2 Esports;20;32.5;0.79;0.82;-0.52;-0.031;45.7;-10.7;-506;0.4;0.25;0.35;3.1;0.45;0.35;0.55;0.43;0.33;0.25;0.35;0.495;0.503;3.2;1.01;1.34;0.35
2025 Mid-Season Invitational;2025-07-05;GAM Esports;13;32.3;0.82;0.88;-0.14;-0.022000000000000002;49.9;-11.4;24;0.46;0.38;0.46;4.7;0.54;0.41;0.31;0.47;1.0;0.31;0.36;0.499;0.47;3.22;1.23;1.22;0.38461538461538464
2025 Mid-Season Invitational;2025-07-05;Gen.G;9;30.2;1.17;0.85;0.61;0.033;57.0;9.7;460;0.78;0.56;0.67;2.7;0.44;0.56;0.33;0.62;0.0;0.56;0.71;0.511;0.5;3.5;1.26;1.56;0.6666666666666666
2025 Mid-Season Invitational;2025-07-05;Movistar KOI;8;34.3;0.79;0.75;-0.98;-0.04;37.0;-12.0;-771;0.5;0.13;0.38;3.3;0.5;0.29;0.25;0.38;0.0;0.5;0.36;0.504;0.45899999999999996;3.41;1.19;1.67;0.25
2025 Mid-Season Invitational;2025-07-05;T1;7;31.1;1.27;1.04;0.19;0.028999999999999998;48.7;22.7;312;0.29;0.71;0.57;5.9;0.43;0.29;0.57;0.55;;0.29;0.43;0.515;0.508;3.52;1.31;1.63;0.7142857142857143
2025 Mid-Season Invitational;2025-07-07;Anyone's Legend;9;31.3;1.11;0.92;0.45;0.016;58.7;-3.1;836;0.44;0.78;0.56;1.8;1.0;0.89;0.56;0.46;;0.56;0.6;0.502;0.528;3.55;1.32;1.7;0.5555555555555556
2025 Mid-Season Invitational;2025-07-07;Bilibili Gaming;13;32.6;1.4;0.88;1.08;0.027000000000000003;63.2;6.0;958;0.77;0.69;0.62;4.4;0.69;0.62;0.69;0.61;1.0;0.38;0.54;0.499;0.528;3.13;1.21;1.53;0.6923076923076923
2025 Mid-Season Invitational;2025-07-07;CTBC Flying Oyster;9;32.0;1.05;0.93;0.36;0.027999999999999997;52.9;2.6;-101;0.56;0.56;0.56;4.9;0.56;0.56;0.67;0.6;;0.78;0.8;0.48700000000000004;0.523;3.92;1.55;1.55;0.5555555555555556
2025 Mid-Season Invitational;2025-07-07;FlyQuest;7;34.0;1.02;0.89;-0.06;-0.01;44.5;12.7;-434;0.29;0.43;0.43;2.1;0.29;0.43;0.43;0.47;1.0;0.43;0.5;0.49;0.499;3.59;1.11;1.37;0.5714285714285714
2025 Mid-Season Invitational;2025-07-07;FURIA;10;33.3;0.9;0.91;-0.67;-0.001;39.9;0.1;-612;0.5;0.7;0.5;3.9;0.1;0.63;0.5;0.43;0.0;0.4;0.5;0.503;0.475;3.02;1.11;1.32;0.4
2025 Mid-Season Invitational;2025-07-07;G2 Esports;20;32.5;0.79;0.82;-0.52;-0.031;45.7;-10.7;-506;0.4;0.25;0.35;3.1;0.45;0.35;0.55;0.43;0.33;0.25;0.35;0.495;0.503;3.2;1.01;1.34;0.35
2025 Mid-Season Invitational;2025-07-07;GAM Esports;13;32.3;0.82;0.88;-0.14;-0.022000000000000002;49.9;-11.4;24;0.46;0.38;0.46;4.7;0.54;0.41;0.31;0.47;1.0;0.31;0.36;0.499;0.47;3.22;1.23;1.22;0.38461538461538464
2025 Mid-Season Invitational;2025-07-07;Gen.G;9;30.2;1.17;0.85;0.61;0.033;57.0;9.7;460;0.78;0.56;0.67;2.7;0.44;0.56;0.33;0.62;0.0;0.56;0.71;0.511;0.5;3.5;1.26;1.56;0.6666666666666666
2025 Mid-Season Invitational;2025-07-07;Movistar KOI;8;34.3;0.79;0.75;-0.98;-0.04;37.0;-12.0;-771;0.5;0.13;0.38;3.3;0.5;0.29;0.25;0.38;0.0;0.5;0.36;0.504;0.45899999999999996;3.41;1.19;1.67;0.25
2025 Mid-Season Invitational;2025-07-07;T1;8;31.4;1.29;1.02;0.19;0.035;49.0;26.0;242;0.25;0.75;0.63;5.6;0.38;0.38;0.63;0.6;;0.38;0.5;0.514;0.513;3.54;1.33;1.57;0.75
2025 Mid-Season Invitational;2025-07-08;Anyone's Legend;13;32.4;1.16;0.87;0.43;0.008;58.3;3.2;778;0.38;0.69;0.54;1.9;0.85;0.85;0.54;0.48;0.5;0.46;0.53;0.505;0.525;3.64;1.36;1.81;0.6153846153846154
2025 Mid-Season Invitational;2025-07-08;Bilibili Gaming;13;32.6;1.4;0.88;1.08;0.027000000000000003;63.2;6.0;958;0.77;0.69;0.62;4.4;0.69;0.62;0.69;0.61;1.0;0.38;0.54;0.499;0.528;3.13;1.21;1.53;0.6923076923076923
2025 Mid-Season Invitational;2025-07-08;CTBC Flying Oyster;13;32.9;0.96;0.87;0.11;0.022000000000000002;49.7;-3.5;-270;0.62;0.54;0.54;4.5;0.54;0.46;0.62;0.56;0.5;0.69;0.73;0.48700000000000004;0.51;3.92;1.6;1.65;0.46153846153846156
2025 Mid-Season Invitational;2025-07-08;FlyQuest;7;34.0;1.02;0.89;-0.06;-0.01;44.5;12.7;-434;0.29;0.43;0.43;2.1;0.29;0.43;0.43;0.47;1.0;0.43;0.5;0.49;0.499;3.59;1.11;1.37;0.5714285714285714
2025 Mid-Season Invitational;2025-07-08;FURIA;10;33.3;0.9;0.91;-0.67;-0.001;39.9;0.1;-612;0.5;0.7;0.5;3.9;0.1;0.63;0.5;0.43;0.0;0.4;0.5;0.503;0.475;3.02;1.11;1.32;0.4
2025 Mid-Season Invitational;2025-07-08;G2 Esports;20;32.5;0.79;0.82;-0.52;-0.031;45.7;-10.7;-506;0.4;0.25;0.35;3.1;0.45;0.35;0.55;0.43;0.33;0.25;0.35;0.495;0.503;3.2;1.01;1.34;0.35
2025 Mid-Season Invitational;2025-07-08;GAM Esports;13;32.3;0.82;0.88;-0.14;-0.022000000000000002;49.9;-11.4;24;0.46;0.38;0.46;4.7;0.54;0.41;0.31;0.47;1.0;0.31;0.36;0.499;0.47;3.22;1.23;1.22;0.38461538461538464
2025 Mid-Season Invitational;2025-07-08;Gen.G;9;30.2;1.17;0.85;0.61;0.033;57.0;9.7;460;0.78;0.56;0.67;2.7;0.44;0.56;0.33;0.62;0.0;0.56;0.71;0.511;0.5;3.5;1.26;1.56;0.6666666666666666
2025 Mid-Season Invitational;2025-07-08;Movistar KOI;8;34.3;0.79;0.75;-0.98;-0.04;37.0;-12.0;-771;0.5;0.13;0.38;3.3;0.5;0.29;0.25;0.38;0.0;0.5;0.36;0.504;0.45899999999999996;3.41;1.19;1.67;0.25
2025 Mid-Season Invitational;2025-07-08;T1;8;31.4;1.29;1.02;0.19;0.035;49.0;26.0;242;0.25;0.75;0.63;5.6;0.38;0.38;0.63;0.6;;0.38;0.5;0.514;0.513;3.54;1.33;1.57;0.75
2025 Mid-Season Invitational;2025-07-09;Anyone's Legend;13;32.4;1.16;0.87;0.43;0.008;58.3;3.2;778;0.38;0.69;0.54;1.9;0.85;0.85;0.54;0.48;0.5;0.46;0.53;0.505;0.525;3.64;1.36;1.81;0.6153846153846154
2025 Mid-Season Invitational;2025-07-09;Bilibili Gaming;18;32.6;1.29;0.93;1.06;0.031;62.2;4.4;985;0.72;0.61;0.61;4.4;0.67;0.65;0.67;0.61;1.0;0.44;0.53;0.504;0.529;3.16;1.22;1.57;0.6666666666666666
2025 Mid-Season Invitational;2025-07-09;CTBC Flying Oyster;13;32.9;0.96;0.87;0.11;0.022000000000000002;49.7;-3.5;-270;0.62;0.54;0.54;4.5;0.54;0.46;0.62;0.56;0.5;0.69;0.73;0.48700000000000004;0.51;3.92;1.6;1.65;0.46153846153846156
2025 Mid-Season Invitational;2025-07-09;FlyQuest;12;33.5;0.97;0.96;-0.45;-0.024;42.8;7.2;-694;0.33;0.5;0.42;2.3;0.33;0.36;0.42;0.43;1.0;0.42;0.5;0.488;0.48700000000000004;3.57;1.11;1.3;0.5
2025 Mid-Season Invitational;2025-07-09;FURIA;10;33.3;0.9;0.91;-0.67;-0.001;39.9;0.1;-612;0.5;0.7;0.5;3.9;0.1;0.63;0.5;0.43;0.0;0.4;0.5;0.503;0.475;3.02;1.11;1.32;0.4
2025 Mid-Season Invitational;2025-07-09;G2 Esports;20;32.5;0.79;0.82;-0.52;-0.031;45.7;-10.7;-506;0.4;0.25;0.35;3.1;0.45;0.35;0.55;0.43;0.33;0.25;0.35;0.495;0.503;3.2;1.01;1.34;0.35
2025 Mid-Season Invitational;2025-07-09;GAM Esports;13;32.3;0.82;0.88;-0.14;-0.022000000000000002;49.9;-11.4;24;0.46;0.38;0.46;4.7;0.54;0.41;0.31;0.47;1.0;0.31;0.36;0.499;0.47;3.22;1.23;1.22;0.38461538461538464
2025 Mid-Season Invitational;2025-07-09;Gen.G;9;30.2;1.17;0.85;0.61;0.033;57.0;9.7;460;0.78;0.56;0.67;2.7;0.44;0.56;0.33;0.62;0.0;0.56;0.71;0.511;0.5;3.5;1.26;1.56;0.6666666666666666
2025 Mid-Season Invitational;2025-07-09;Movistar KOI;8;34.3;0.79;0.75;-0.98;-0.04;37.0;-12.0;-771;0.5;0.13;0.38;3.3;0.5;0.29;0.25;0.38;0.0;0.5;0.36;0.504;0.45899999999999996;3.41;1.19;1.67;0.25
2025 Mid-Season Invitational;2025-07-09;T1;8;31.4;1.29;1.02;0.19;0.035;49.0;26.0;242;0.25;0.75;0.63;5.6;0.38;0.38;0.63;0.6;;0.38;0.5;0.514;0.513;3.54;1.33;1.57;0.75
2025 Mid-Season Invitational;2025-07-10;Anyone's Legend;13;32.4;1.16;0.87;0.43;0.008;58.3;3.2;778;0.38;0.69;0.54;1.9;0.85;0.85;0.54;0.48;0.5;0.46;0.53;0.505;0.525;3.64;1.36;1.81;0.6153846153846154
2025 Mid-Season Invitational;2025-07-10;Bilibili Gaming;18;32.6;1.29;0.93;1.06;0.031;62.2;4.4;985;0.72;0.61;0.61;4.4;0.67;0.65;0.67;0.61;1.0;0.44;0.53;0.504;0.529;3.16;1.22;1.57;0.6666666666666666
2025 Mid-Season Invitational;2025-07-10;CTBC Flying Oyster;13;32.9;0.96;0.87;0.11;0.022000000000000002;49.7;-3.5;-270;0.62;0.54;0.54;4.5;0.54;0.46;0.62;0.56;0.5;0.69;0.73;0.48700000000000004;0.51;3.92;1.6;1.65;0.46153846153846156
2025 Mid-Season Invitational;2025-07-10;FlyQuest;12;33.5;0.97;0.96;-0.45;-0.024;42.8;7.2;-694;0.33;0.5;0.42;2.3;0.33;0.36;0.42;0.43;1.0;0.42;0.5;0.488;0.48700000000000004;3.57;1.11;1.3;0.5
2025 Mid-Season Invitational;2025-07-10;FURIA;10;33.3;0.9;0.91;-0.67;-0.001;39.9;0.1;-612;0.5;0.7;0.5;3.9;0.1;0.63;0.5;0.43;0.0;0.4;0.5;0.503;0.475;3.02;1.11;1.32;0.4
2025 Mid-Season Invitational;2025-07-10;G2 Esports;20;32.5;0.79;0.82;-0.52;-0.031;45.7;-10.7;-506;0.4;0.25;0.35;3.1;0.45;0.35;0.55;0.43;0.33;0.25;0.35;0.495;0.503;3.2;1.01;1.34;0.35
2025 Mid-Season Invitational;2025-07-10;GAM Esports;13;32.3;0.82;0.88;-0.14;-0.022000000000000002;49.9;-11.4;24;0.46;0.38;0.46;4.7;0.54;0.41;0.31;0.47;1.0;0.31;0.36;0.499;0.47;3.22;1.23;1.22;0.38461538461538464
2025 Mid-Season Invitational;2025-07-10;Gen.G;14;32.1;1.15;0.81;0.41;0.027999999999999997;50.9;13.4;125;0.79;0.36;0.57;2.4;0.43;0.43;0.29;0.6;0.0;0.57;0.77;0.506;0.504;3.44;1.25;1.65;0.6428571428571429
2025 Mid-Season Invitational;2025-07-10;Movistar KOI;8;34.3;0.79;0.75;-0.98;-0.04;37.0;-12.0;-771;0.5;0.13;0.38;3.3;0.5;0.29;0.25;0.38;0.0;0.5;0.36;0.504;0.45899999999999996;3.41;1.19;1.67;0.25
2025 Mid-Season Invitational;2025-07-10;T1;13;32.9;1.14;0.91;0.07;0.013999999999999999;53.2;8.3;333;0.23;0.85;0.62;4.8;0.46;0.54;0.69;0.53;;0.31;0.36;0.51;0.503;3.71;1.37;1.51;0.6153846153846154
2025 Mid-Season Invitational;2025-07-11;Anyone's Legend;16;33.2;1.31;0.89;0.45;0.013999999999999999;56.8;12.0;797;0.38;0.75;0.63;2.4;0.69;0.83;0.44;0.49;0.5;0.5;0.6;0.504;0.526;3.69;1.39;1.77;0.6875
2025 Mid-Season Invitational;2025-07-11;Bilibili Gaming;21;33.2;1.1;0.94;0.81;0.021;60.5;-3.3;719;0.71;0.52;0.52;4.4;0.71;0.59;0.71;0.59;1.0;0.43;0.46;0.504;0.52;3.24;1.26;1.61;0.5714285714285714
2025 Mid-Season Invitational;2025-07-11;CTBC Flying Oyster;13;32.9;0.96;0.87;0.11;0.022000000000000002;49.7;-3.5;-270;0.62;0.54;0.54;4.5;0.54;0.46;0.62;0.56;0.5;0.69;0.73;0.48700000000000004;0.51;3.92;1.6;1.65;0.46153846153846156
2025 Mid-Season Invitational;2025-07-11;FlyQuest;12;33.5;0.97;0.96;-0.45;-0.024;42.8;7.2;-694;0.33;0.5;0.42;2.3;0.33;0.36;0.42;0.43;1.0;0.42;0.5;0.488;0.48700000000000004;3.57;1.11;1.3;0.5
2025 Mid-Season Invitational;2025-07-11;FURIA;10;33.3;0.9;0.91;-0.67;-0.001;39.9;0.1;-612;0.5;0.7;0.5;3.9;0.1;0.63;0.5;0.43;0.0;0.4;0.5;0.503;0.475;3.02;1.11;1.32;0.4
2025 Mid-Season Invitational;2025-07-11;G2 Esports;20;32.5;0.79;0.82;-0.52;-0.031;45.7;-10.7;-506;0.4;0.25;0.35;3.1;0.45;0.35;0.55;0.43;0.33;0.25;0.35;0.495;0.503;3.2;1.01;1.34;0.35
2025 Mid-Season Invitational;2025-07-11;GAM Esports;13;32.3;0.82;0.88;-0.14;-0.022000000000000002;49.9;-11.4;24;0.46;0.38;0.46;4.7;0.54;0.41;0.31;0.47;1.0;0.31;0.36;0.499;0.47;3.22;1.23;1.22;0.38461538461538464
2025 Mid-Season Invitational;2025-07-11;Gen.G;14;32.1;1.15;0.81;0.41;0.027999999999999997;50.9;13.4;125;0.79;0.36;0.57;2.4;0.43;0.43;0.29;0.6;0.0;0.57;0.77;0.506;0.504;3.44;1.25;1.65;0.6428571428571429
2025 Mid-Season Invitational;2025-07-11;Movistar KOI;8;34.3;0.79;0.75;-0.98;-0.04;37.0;-12.0;-771;0.5;0.13;0.38;3.3;0.5;0.29;0.25;0.38;0.0;0.5;0.36;0.504;0.45899999999999996;3.41;1.19;1.67;0.25
2025 Mid-Season Invitational;2025-07-11;T1;13;32.9;1.14;0.91;0.07;0.013999999999999999;53.2;8.3;333;0.23;0.85;0.62;4.8;0.46;0.54;0.69;0.53;;0.31;0.36;0.51;0.503;3.71;1.37;1.51;0.6153846153846154
2025 Mid-Season Invitational;2025-07-12;Anyone's Legend;21;32.2;1.14;0.91;0.22;0.002;53.8;8.1;534;0.43;0.67;0.52;2.4;0.62;0.78;0.38;0.46;0.33;0.38;0.55;0.503;0.516;3.68;1.37;1.71;0.6190476190476191
2025 Mid-Season Invitational;2025-07-12;Bilibili Gaming;21;33.2;1.1;0.94;0.81;0.021;60.5;-3.3;719;0.71;0.52;0.52;4.4;0.71;0.59;0.71;0.59;1.0;0.43;0.46;0.504;0.52;3.24;1.26;1.61;0.5714285714285714
2025 Mid-Season Invitational;2025-07-12;CTBC Flying Oyster;13;32.9;0.96;0.87;0.11;0.022000000000000002;49.7;-3.5;-270;0.62;0.54;0.54;4.5;0.54;0.46;0.62;0.56;0.5;0.69;0.73;0.48700000000000004;0.51;3.92;1.6;1.65;0.46153846153846156
2025 Mid-Season Invitational;2025-07-12;FlyQuest;12;33.5;0.97;0.96;-0.45;-0.024;42.8;7.2;-694;0.33;0.5;0.42;2.3;0.33;0.36;0.42;0.43;1.0;0.42;0.5;0.488;0.48700000000000004;3.57;1.11;1.3;0.5
2025 Mid-Season Invitational;2025-07-12;FURIA;10;33.3;0.9;0.91;-0.67;-0.001;39.9;0.1;-612;0.5;0.7;0.5;3.9;0.1;0.63;0.5;0.43;0.0;0.4;0.5;0.503;0.475;3.02;1.11;1.32;0.4
2025 Mid-Season Invitational;2025-07-12;G2 Esports;20;32.5;0.79;0.82;-0.52;-0.031;45.7;-10.7;-506;0.4;0.25;0.35;3.1;0.45;0.35;0.55;0.43;0.33;0.25;0.35;0.495;0.503;3.2;1.01;1.34;0.35
2025 Mid-Season Invitational;2025-07-12;GAM Esports;13;32.3;0.82;0.88;-0.14;-0.022000000000000002;49.9;-11.4;24;0.46;0.38;0.46;4.7;0.54;0.41;0.31;0.47;1.0;0.31;0.36;0.499;0.47;3.22;1.23;1.22;0.38461538461538464
2025 Mid-Season Invitational;2025-07-12;Gen.G;14;32.1;1.15;0.81;0.41;0.027999999999999997;50.9;13.4;125;0.79;0.36;0.57;2.4;0.43;0.43;0.29;0.6;0.0;0.57;0.77;0.506;0.504;3.44;1.25;1.65;0.6428571428571429
2025 Mid-Season Invitational;2025-07-12;Movistar KOI;8;34.3;0.79;0.75;-0.98;-0.04;37.0;-12.0;-771;0.5;0.13;0.38;3.3;0.5;0.29;0.25;0.38;0.0;0.5;0.36;0.504;0.45899999999999996;3.41;1.19;1.67;0.25
2025 Mid-Season Invitational;2025-07-12;T1;18;31.8;1.2;0.93;0.22;0.02;53.9;7.2;326;0.28;0.78;0.67;4.8;0.5;0.5;0.72;0.56;1.0;0.33;0.44;0.508;0.506;3.73;1.39;1.5;0.6111111111111112
