match_id;game_in_series;teamA;teamB;teamA_win;date;split;Region_A;Games_A;Win rate_A;K:D_A;GPM_A;GDM_A;Game duration_A;Kills / game_A;Deaths / game_A;Towers killed_A;Towers lost_A;FB%_A;FT%_A;FOS%_A;DRAPG_A;DRA%_A;VGPG_A;HER%_A;ATAKHAN%_A;DRA@15_A;TD@15_A;GD@15_A;PPG_A;NASHPG_A;NASH%_A;CSM_A;DPM_A;WPM_A;VWPM_A;WCPM_A;Region_B;Games_B;Win rate_B;K:D_B;GPM_B;GDM_B;Game duration_B;Kills / game_B;Deaths / game_B;Towers killed_B;Towers lost_B;FB%_B;FT%_B;FOS%_B;DRAPG_B;DRA%_B;VGPG_B;HER%_B;ATAKHAN%_B;DRA@15_B;TD@15_B;GD@15_B;PPG_B;NASHPG_B;NASH%_B;CSM_B;DPM_B;WPM_B;VWPM_B;WCPM_B
summer_0;1;Team WE;Funplus Phoenix;1;2025-08-04;3;CN;17.0;35.3%;0.83;1802.0;-63.0;31:34;13.2;15.9;4.9;6.2;47.1;47.1;58.8;2.24;54.0;1.6;47.1;-;-;-;-19.0;-;0.47;41.2;32.8;2604.0;3.5;1.36;1.62;CN;14.0;28.6%;0.64;1695.0;-250.0;33:16;10.9;17.0;3.1;7.7;42.9;14.3;28.6;2.14;44.2;1.5;57.1;-;-;-;-1346.0;-;0.21;21.4;31.8;2291.0;3.4;1.34;1.5
summer_0;2;Team WE;Funplus Phoenix;1;2025-08-04;3;CN;17.0;35.3%;0.83;1802.0;-63.0;31:34;13.2;15.9;4.9;6.2;47.1;47.1;58.8;2.24;54.0;1.6;47.1;-;-;-;-19.0;-;0.47;41.2;32.8;2604.0;3.5;1.36;1.62;CN;14.0;28.6%;0.64;1695.0;-250.0;33:16;10.9;17.0;3.1;7.7;42.9;14.3;28.6;2.14;44.2;1.5;57.1;-;-;-;-1346.0;-;0.21;21.4;31.8;2291.0;3.4;1.34;1.5
summer_0;3;Team WE;Funplus Phoenix;0;2025-08-04;3;CN;17.0;35.3%;0.83;1802.0;-63.0;31:34;13.2;15.9;4.9;6.2;47.1;47.1;58.8;2.24;54.0;1.6;47.1;-;-;-;-19.0;-;0.47;41.2;32.8;2604.0;3.5;1.36;1.62;CN;14.0;28.6%;0.64;1695.0;-250.0;33:16;10.9;17.0;3.1;7.7;42.9;14.3;28.6;2.14;44.2;1.5;57.1;-;-;-;-1346.0;-;0.21;21.4;31.8;2291.0;3.4;1.34;1.5
summer_1;1;Bilibili Gaming;Top Esports;1;2025-08-03;3;CN;12.0;75.0%;1.45;1957.0;191.0;33:51;20.0;13.8;7.5;3.5;50.0;66.7;66.7;2.92;66.0;1.2;41.7;8.3;1.00;0.0;657.0;3.33;0.92;75.0;33.4;3010.0;3.6;1.39;1.75;CN;15.0;66.7%;1.19;1911.0;112.0;33:45;17.5;14.7;6.7;4.7;60.0;53.3;46.7;2.4;52.8;1.5;46.7;-;-;-;505.0;-;0.73;63.3;33.4;2778.0;3.5;1.35;1.61
summer_1;2;Bilibili Gaming;Top Esports;1;2025-08-03;3;CN;12.0;75.0%;1.45;1957.0;191.0;33:51;20.0;13.8;7.5;3.5;50.0;66.7;66.7;2.92;66.0;1.2;41.7;8.3;1.00;0.0;657.0;3.33;0.92;75.0;33.4;3010.0;3.6;1.39;1.75;CN;15.0;66.7%;1.19;1911.0;112.0;33:45;17.5;14.7;6.7;4.7;60.0;53.3;46.7;2.4;52.8;1.5;46.7;-;-;-;505.0;-;0.73;63.3;33.4;2778.0;3.5;1.35;1.61
summer_2;1;LNG Esports;Edward Gaming;0;2025-08-03;3;CN;12.0;16.7%;0.58;1713.0;-244.0;33:22;10.2;17.6;3.5;7.7;66.7;58.3;33.3;1.42;26.5;1.9;41.7;-;-;-;228.0;-;0.17;18.2;33.0;2279.0;3.5;1.24;1.61;CN;10.0;100.0%;2.74;2018.0;349.0;31:53;18.6;6.7;9.0;2.8;50.0;60.0;50.0;3.3;77.0;0.9;30.0;-;-;-;1566.0;-;0.9;100.0;35.4;2594.0;3.7;1.28;1.81
summer_2;2;LNG Esports;Edward Gaming;0;2025-08-03;3;CN;12.0;16.7%;0.58;1713.0;-244.0;33:22;10.2;17.6;3.5;7.7;66.7;58.3;33.3;1.42;26.5;1.9;41.7;-;-;-;228.0;-;0.17;18.2;33.0;2279.0;3.5;1.24;1.61;CN;10.0;100.0%;2.74;2018.0;349.0;31:53;18.6;6.7;9.0;2.8;50.0;60.0;50.0;3.3;77.0;0.9;30.0;-;-;-;1566.0;-;0.9;100.0;35.4;2594.0;3.7;1.28;1.81
summer_3;1;JD Gaming;Anyone s Legend;0;2025-08-02;3;CN;11.0;36.4%;0.68;1743.0;-145.0;30:10;10.5;15.5;4.6;6.0;63.6;54.5;54.5;1.55;34.5;1.5;54.5;-;-;-;33.0;-;0.36;44.4;32.4;2372.0;3.5;1.29;1.31;CN;21.0;57.1%;1.18;1856.0;43.0;31:50;15.3;13.0;5.4;5.0;28.6;52.4;57.1;2.0;46.0;1.8;61.9;33.3;0.70;0.3;115.0;1.60;0.52;48.1;33.5;2756.0;3.7;1.43;1.62
summer_3;2;JD Gaming;Anyone s Legend;0;2025-08-02;3;CN;11.0;36.4%;0.68;1743.0;-145.0;30:10;10.5;15.5;4.6;6.0;63.6;54.5;54.5;1.55;34.5;1.5;54.5;-;-;-;33.0;-;0.36;44.4;32.4;2372.0;3.5;1.29;1.31;CN;21.0;57.1%;1.18;1856.0;43.0;31:50;15.3;13.0;5.4;5.0;28.6;52.4;57.1;2.0;46.0;1.8;61.9;33.3;0.70;0.3;115.0;1.60;0.52;48.1;33.5;2756.0;3.7;1.43;1.62
summer_4;1;LNG Esports;Ultra Prime;1;2025-08-02;3;CN;12.0;16.7%;0.58;1713.0;-244.0;33:22;10.2;17.6;3.5;7.7;66.7;58.3;33.3;1.42;26.5;1.9;41.7;-;-;-;228.0;-;0.17;18.2;33.0;2279.0;3.5;1.24;1.61;CN;14.0;35.7%;0.76;1774.0;-90.0;31:15;9.8;12.9;4.6;6.3;42.9;21.4;42.9;2.07;48.0;1.8;64.3;-;-;-;-670.0;-;0.29;30.3;33.9;2124.0;3.7;1.29;1.34
summer_4;2;LNG Esports;Ultra Prime;0;2025-08-02;3;CN;12.0;16.7%;0.58;1713.0;-244.0;33:22;10.2;17.6;3.5;7.7;66.7;58.3;33.3;1.42;26.5;1.9;41.7;-;-;-;228.0;-;0.17;18.2;33.0;2279.0;3.5;1.24;1.61;CN;14.0;35.7%;0.76;1774.0;-90.0;31:15;9.8;12.9;4.6;6.3;42.9;21.4;42.9;2.07;48.0;1.8;64.3;-;-;-;-670.0;-;0.29;30.3;33.9;2124.0;3.7;1.29;1.34
summer_4;3;LNG Esports;Ultra Prime;0;2025-08-02;3;CN;12.0;16.7%;0.58;1713.0;-244.0;33:22;10.2;17.6;3.5;7.7;66.7;58.3;33.3;1.42;26.5;1.9;41.7;-;-;-;228.0;-;0.17;18.2;33.0;2279.0;3.5;1.24;1.61;CN;14.0;35.7%;0.76;1774.0;-90.0;31:15;9.8;12.9;4.6;6.3;42.9;21.4;42.9;2.07;48.0;1.8;64.3;-;-;-;-670.0;-;0.29;30.3;33.9;2124.0;3.7;1.29;1.34
summer_5;1;TT;LGD Gaming;0;2025-08-02;3;CN;9.0;44.4%;1.04;1837.0;4.0;31:44;13.0;12.6;5.6;6.2;55.6;33.3;55.6;2.78;56.9;1.3;55.6;-;-;-;-75.0;-;0.67;62.5;33.7;2211.0;3.7;1.44;1.63;CN;13.0;53.8%;0.9;1856.0;9.0;30:52;13.4;14.9;5.8;5.2;30.8;61.5;53.8;1.85;45.0;1.5;46.2;-;-;-;-581.0;-;0.31;36.4;33.5;2395.0;3.1;1.13;1.58
summer_5;2;TT;LGD Gaming;0;2025-08-02;3;CN;9.0;44.4%;1.04;1837.0;4.0;31:44;13.0;12.6;5.6;6.2;55.6;33.3;55.6;2.78;56.9;1.3;55.6;-;-;-;-75.0;-;0.67;62.5;33.7;2211.0;3.7;1.44;1.63;CN;13.0;53.8%;0.9;1856.0;9.0;30:52;13.4;14.9;5.8;5.2;30.8;61.5;53.8;1.85;45.0;1.5;46.2;-;-;-;-581.0;-;0.31;36.4;33.5;2395.0;3.1;1.13;1.58
summer_6;1;Invictus Gaming;Weibo Gaming;1;2025-08-01;3;CN;11.0;63.6%;1.25;1917.0;143.0;35:23;20.2;16.0;6.9;4.8;54.5;54.5;45.5;2.82;61.7;1.2;63.6;-;-;-;195.0;-;0.82;66.7;31.6;3215.0;3.4;1.29;1.58;CN;16.0;43.8%;0.98;1825.0;-1.0;34:54;14.1;14.4;5.9;5.9;50.0;68.8;43.8;2.0;40.7;1.6;43.8;-;-;-;116.0;-;0.56;45.6;33.2;2757.0;3.6;1.35;1.66
summer_6;2;Invictus Gaming;Weibo Gaming;1;2025-08-01;3;CN;11.0;63.6%;1.25;1917.0;143.0;35:23;20.2;16.0;6.9;4.8;54.5;54.5;45.5;2.82;61.7;1.2;63.6;-;-;-;195.0;-;0.82;66.7;31.6;3215.0;3.4;1.29;1.58;CN;16.0;43.8%;0.98;1825.0;-1.0;34:54;14.1;14.4;5.9;5.9;50.0;68.8;43.8;2.0;40.7;1.6;43.8;-;-;-;116.0;-;0.56;45.6;33.2;2757.0;3.6;1.35;1.66
summer_7;1;Funplus Phoenix;JD Gaming;0;2025-08-01;3;CN;14.0;28.6%;0.64;1695.0;-250.0;33:16;10.9;17.0;3.1;7.7;42.9;14.3;28.6;2.14;44.2;1.5;57.1;-;-;-;-1346.0;-;0.21;21.4;31.8;2291.0;3.4;1.34;1.5;CN;11.0;36.4%;0.68;1743.0;-145.0;30:10;10.5;15.5;4.6;6.0;63.6;54.5;54.5;1.55;34.5;1.5;54.5;-;-;-;33.0;-;0.36;44.4;32.4;2372.0;3.5;1.29;1.31
summer_7;2;Funplus Phoenix;JD Gaming;0;2025-08-01;3;CN;14.0;28.6%;0.64;1695.0;-250.0;33:16;10.9;17.0;3.1;7.7;42.9;14.3;28.6;2.14;44.2;1.5;57.1;-;-;-;-1346.0;-;0.21;21.4;31.8;2291.0;3.4;1.34;1.5;CN;11.0;36.4%;0.68;1743.0;-145.0;30:10;10.5;15.5;4.6;6.0;63.6;54.5;54.5;1.55;34.5;1.5;54.5;-;-;-;33.0;-;0.36;44.4;32.4;2372.0;3.5;1.29;1.31
summer_8;1;Weibo Gaming;Bilibili Gaming;0;2025-07-31;3;CN;16.0;43.8%;0.98;1825.0;-1.0;34:54;14.1;14.4;5.9;5.9;50.0;68.8;43.8;2.0;40.7;1.6;43.8;-;-;-;116.0;-;0.56;45.6;33.2;2757.0;3.6;1.35;1.66;CN;12.0;75.0%;1.45;1957.0;191.0;33:51;20.0;13.8;7.5;3.5;50.0;66.7;66.7;2.92;66.0;1.2;41.7;8.3;1.00;0.0;657.0;3.33;0.92;75.0;33.4;3010.0;3.6;1.39;1.75
summer_8;2;Weibo Gaming;Bilibili Gaming;0;2025-07-31;3;CN;16.0;43.8%;0.98;1825.0;-1.0;34:54;14.1;14.4;5.9;5.9;50.0;68.8;43.8;2.0;40.7;1.6;43.8;-;-;-;116.0;-;0.56;45.6;33.2;2757.0;3.6;1.35;1.66;CN;12.0;75.0%;1.45;1957.0;191.0;33:51;20.0;13.8;7.5;3.5;50.0;66.7;66.7;2.92;66.0;1.2;41.7;8.3;1.00;0.0;657.0;3.33;0.92;75.0;33.4;3010.0;3.6;1.39;1.75
summer_9;1;Top Esports;Team WE;1;2025-07-31;3;CN;15.0;66.7%;1.19;1911.0;112.0;33:45;17.5;14.7;6.7;4.7;60.0;53.3;46.7;2.4;52.8;1.5;46.7;-;-;-;505.0;-;0.73;63.3;33.4;2778.0;3.5;1.35;1.61;CN;17.0;35.3%;0.83;1802.0;-63.0;31:34;13.2;15.9;4.9;6.2;47.1;47.1;58.8;2.24;54.0;1.6;47.1;-;-;-;-19.0;-;0.47;41.2;32.8;2604.0;3.5;1.36;1.62
summer_9;2;Top Esports;Team WE;1;2025-07-31;3;CN;15.0;66.7%;1.19;1911.0;112.0;33:45;17.5;14.7;6.7;4.7;60.0;53.3;46.7;2.4;52.8;1.5;46.7;-;-;-;505.0;-;0.73;63.3;33.4;2778.0;3.5;1.35;1.61;CN;17.0;35.3%;0.83;1802.0;-63.0;31:34;13.2;15.9;4.9;6.2;47.1;47.1;58.8;2.24;54.0;1.6;47.1;-;-;-;-19.0;-;0.47;41.2;32.8;2604.0;3.5;1.36;1.62
summer_9;3;Top Esports;Team WE;0;2025-07-31;3;CN;15.0;66.7%;1.19;1911.0;112.0;33:45;17.5;14.7;6.7;4.7;60.0;53.3;46.7;2.4;52.8;1.5;46.7;-;-;-;505.0;-;0.73;63.3;33.4;2778.0;3.5;1.35;1.61;CN;17.0;35.3%;0.83;1802.0;-63.0;31:34;13.2;15.9;4.9;6.2;47.1;47.1;58.8;2.24;54.0;1.6;47.1;-;-;-;-19.0;-;0.47;41.2;32.8;2604.0;3.5;1.36;1.62
summer_10;1;Anyone s Legend;Team WE;1;2025-07-30;3;CN;21.0;57.1%;1.18;1856.0;43.0;31:50;15.3;13.0;5.4;5.0;28.6;52.4;57.1;2.0;46.0;1.8;61.9;33.3;0.70;0.3;115.0;1.60;0.52;48.1;33.5;2756.0;3.7;1.43;1.62;CN;17.0;35.3%;0.83;1802.0;-63.0;31:34;13.2;15.9;4.9;6.2;47.1;47.1;58.8;2.24;54.0;1.6;47.1;-;-;-;-19.0;-;0.47;41.2;32.8;2604.0;3.5;1.36;1.62
summer_10;2;Anyone s Legend;Team WE;1;2025-07-30;3;CN;21.0;57.1%;1.18;1856.0;43.0;31:50;15.3;13.0;5.4;5.0;28.6;52.4;57.1;2.0;46.0;1.8;61.9;33.3;0.70;0.3;115.0;1.60;0.52;48.1;33.5;2756.0;3.7;1.43;1.62;CN;17.0;35.3%;0.83;1802.0;-63.0;31:34;13.2;15.9;4.9;6.2;47.1;47.1;58.8;2.24;54.0;1.6;47.1;-;-;-;-19.0;-;0.47;41.2;32.8;2604.0;3.5;1.36;1.62
summer_10;3;Anyone s Legend;Team WE;0;2025-07-30;3;CN;21.0;57.1%;1.18;1856.0;43.0;31:50;15.3;13.0;5.4;5.0;28.6;52.4;57.1;2.0;46.0;1.8;61.9;33.3;0.70;0.3;115.0;1.60;0.52;48.1;33.5;2756.0;3.7;1.43;1.62;CN;17.0;35.3%;0.83;1802.0;-63.0;31:34;13.2;15.9;4.9;6.2;47.1;47.1;58.8;2.24;54.0;1.6;47.1;-;-;-;-19.0;-;0.47;41.2;32.8;2604.0;3.5;1.36;1.62
summer_11;1;Funplus Phoenix;Invictus Gaming;1;2025-07-29;3;CN;14.0;28.6%;0.64;1695.0;-250.0;33:16;10.9;17.0;3.1;7.7;42.9;14.3;28.6;2.14;44.2;1.5;57.1;-;-;-;-1346.0;-;0.21;21.4;31.8;2291.0;3.4;1.34;1.5;CN;11.0;63.6%;1.25;1917.0;143.0;35:23;20.2;16.0;6.9;4.8;54.5;54.5;45.5;2.82;61.7;1.2;63.6;-;-;-;195.0;-;0.82;66.7;31.6;3215.0;3.4;1.29;1.58
summer_11;2;Funplus Phoenix;Invictus Gaming;1;2025-07-29;3;CN;14.0;28.6%;0.64;1695.0;-250.0;33:16;10.9;17.0;3.1;7.7;42.9;14.3;28.6;2.14;44.2;1.5;57.1;-;-;-;-1346.0;-;0.21;21.4;31.8;2291.0;3.4;1.34;1.5;CN;11.0;63.6%;1.25;1917.0;143.0;35:23;20.2;16.0;6.9;4.8;54.5;54.5;45.5;2.82;61.7;1.2;63.6;-;-;-;195.0;-;0.82;66.7;31.6;3215.0;3.4;1.29;1.58
summer_12;1;Ultra Prime;LGD Gaming;1;2025-07-29;3;CN;14.0;35.7%;0.76;1774.0;-90.0;31:15;9.8;12.9;4.6;6.3;42.9;21.4;42.9;2.07;48.0;1.8;64.3;-;-;-;-670.0;-;0.29;30.3;33.9;2124.0;3.7;1.29;1.34;CN;13.0;53.8%;0.9;1856.0;9.0;30:52;13.4;14.9;5.8;5.2;30.8;61.5;53.8;1.85;45.0;1.5;46.2;-;-;-;-581.0;-;0.31;36.4;33.5;2395.0;3.1;1.13;1.58
summer_12;2;Ultra Prime;LGD Gaming;0;2025-07-29;3;CN;14.0;35.7%;0.76;1774.0;-90.0;31:15;9.8;12.9;4.6;6.3;42.9;21.4;42.9;2.07;48.0;1.8;64.3;-;-;-;-670.0;-;0.29;30.3;33.9;2124.0;3.7;1.29;1.34;CN;13.0;53.8%;0.9;1856.0;9.0;30:52;13.4;14.9;5.8;5.2;30.8;61.5;53.8;1.85;45.0;1.5;46.2;-;-;-;-581.0;-;0.31;36.4;33.5;2395.0;3.1;1.13;1.58
summer_12;3;Ultra Prime;LGD Gaming;0;2025-07-29;3;CN;14.0;35.7%;0.76;1774.0;-90.0;31:15;9.8;12.9;4.6;6.3;42.9;21.4;42.9;2.07;48.0;1.8;64.3;-;-;-;-670.0;-;0.29;30.3;33.9;2124.0;3.7;1.29;1.34;CN;13.0;53.8%;0.9;1856.0;9.0;30:52;13.4;14.9;5.8;5.2;30.8;61.5;53.8;1.85;45.0;1.5;46.2;-;-;-;-581.0;-;0.31;36.4;33.5;2395.0;3.1;1.13;1.58
summer_13;1;Top Esports;JD Gaming;1;2025-07-28;3;CN;15.0;66.7%;1.19;1911.0;112.0;33:45;17.5;14.7;6.7;4.7;60.0;53.3;46.7;2.4;52.8;1.5;46.7;-;-;-;505.0;-;0.73;63.3;33.4;2778.0;3.5;1.35;1.61;CN;11.0;36.4%;0.68;1743.0;-145.0;30:10;10.5;15.5;4.6;6.0;63.6;54.5;54.5;1.55;34.5;1.5;54.5;-;-;-;33.0;-;0.36;44.4;32.4;2372.0;3.5;1.29;1.31
summer_13;2;Top Esports;JD Gaming;1;2025-07-28;3;CN;15.0;66.7%;1.19;1911.0;112.0;33:45;17.5;14.7;6.7;4.7;60.0;53.3;46.7;2.4;52.8;1.5;46.7;-;-;-;505.0;-;0.73;63.3;33.4;2778.0;3.5;1.35;1.61;CN;11.0;36.4%;0.68;1743.0;-145.0;30:10;10.5;15.5;4.6;6.0;63.6;54.5;54.5;1.55;34.5;1.5;54.5;-;-;-;33.0;-;0.36;44.4;32.4;2372.0;3.5;1.29;1.31
summer_14;1;LGD Gaming;Edward Gaming;0;2025-07-28;3;CN;13.0;53.8%;0.9;1856.0;9.0;30:52;13.4;14.9;5.8;5.2;30.8;61.5;53.8;1.85;45.0;1.5;46.2;-;-;-;-581.0;-;0.31;36.4;33.5;2395.0;3.1;1.13;1.58;CN;10.0;100.0%;2.74;2018.0;349.0;31:53;18.6;6.7;9.0;2.8;50.0;60.0;50.0;3.3;77.0;0.9;30.0;-;-;-;1566.0;-;0.9;100.0;35.4;2594.0;3.7;1.28;1.81
summer_14;2;LGD Gaming;Edward Gaming;0;2025-07-28;3;CN;13.0;53.8%;0.9;1856.0;9.0;30:52;13.4;14.9;5.8;5.2;30.8;61.5;53.8;1.85;45.0;1.5;46.2;-;-;-;-581.0;-;0.31;36.4;33.5;2395.0;3.1;1.13;1.58;CN;10.0;100.0%;2.74;2018.0;349.0;31:53;18.6;6.7;9.0;2.8;50.0;60.0;50.0;3.3;77.0;0.9;30.0;-;-;-;1566.0;-;0.9;100.0;35.4;2594.0;3.7;1.28;1.81
summer_15;1;Anyone s Legend;Weibo Gaming;1;2025-07-27;3;CN;21.0;57.1%;1.18;1856.0;43.0;31:50;15.3;13.0;5.4;5.0;28.6;52.4;57.1;2.0;46.0;1.8;61.9;33.3;0.70;0.3;115.0;1.60;0.52;48.1;33.5;2756.0;3.7;1.43;1.62;CN;16.0;43.8%;0.98;1825.0;-1.0;34:54;14.1;14.4;5.9;5.9;50.0;68.8;43.8;2.0;40.7;1.6;43.8;-;-;-;116.0;-;0.56;45.6;33.2;2757.0;3.6;1.35;1.66
summer_15;2;Anyone s Legend;Weibo Gaming;0;2025-07-27;3;CN;21.0;57.1%;1.18;1856.0;43.0;31:50;15.3;13.0;5.4;5.0;28.6;52.4;57.1;2.0;46.0;1.8;61.9;33.3;0.70;0.3;115.0;1.60;0.52;48.1;33.5;2756.0;3.7;1.43;1.62;CN;16.0;43.8%;0.98;1825.0;-1.0;34:54;14.1;14.4;5.9;5.9;50.0;68.8;43.8;2.0;40.7;1.6;43.8;-;-;-;116.0;-;0.56;45.6;33.2;2757.0;3.6;1.35;1.66
summer_15;3;Anyone s Legend;Weibo Gaming;0;2025-07-27;3;CN;21.0;57.1%;1.18;1856.0;43.0;31:50;15.3;13.0;5.4;5.0;28.6;52.4;57.1;2.0;46.0;1.8;61.9;33.3;0.70;0.3;115.0;1.60;0.52;48.1;33.5;2756.0;3.7;1.43;1.62;CN;16.0;43.8%;0.98;1825.0;-1.0;34:54;14.1;14.4;5.9;5.9;50.0;68.8;43.8;2.0;40.7;1.6;43.8;-;-;-;116.0;-;0.56;45.6;33.2;2757.0;3.6;1.35;1.66
summer_16;1;Bilibili Gaming;Funplus Phoenix;1;2025-07-27;3;CN;12.0;75.0%;1.45;1957.0;191.0;33:51;20.0;13.8;7.5;3.5;50.0;66.7;66.7;2.92;66.0;1.2;41.7;8.3;1.00;0.0;657.0;3.33;0.92;75.0;33.4;3010.0;3.6;1.39;1.75;CN;14.0;28.6%;0.64;1695.0;-250.0;33:16;10.9;17.0;3.1;7.7;42.9;14.3;28.6;2.14;44.2;1.5;57.1;-;-;-;-1346.0;-;0.21;21.4;31.8;2291.0;3.4;1.34;1.5
summer_16;2;Bilibili Gaming;Funplus Phoenix;1;2025-07-27;3;CN;12.0;75.0%;1.45;1957.0;191.0;33:51;20.0;13.8;7.5;3.5;50.0;66.7;66.7;2.92;66.0;1.2;41.7;8.3;1.00;0.0;657.0;3.33;0.92;75.0;33.4;3010.0;3.6;1.39;1.75;CN;14.0;28.6%;0.64;1695.0;-250.0;33:16;10.9;17.0;3.1;7.7;42.9;14.3;28.6;2.14;44.2;1.5;57.1;-;-;-;-1346.0;-;0.21;21.4;31.8;2291.0;3.4;1.34;1.5
summer_17;1;JD Gaming;Team WE;1;2025-07-26;3;CN;11.0;36.4%;0.68;1743.0;-145.0;30:10;10.5;15.5;4.6;6.0;63.6;54.5;54.5;1.55;34.5;1.5;54.5;-;-;-;33.0;-;0.36;44.4;32.4;2372.0;3.5;1.29;1.31;CN;17.0;35.3%;0.83;1802.0;-63.0;31:34;13.2;15.9;4.9;6.2;47.1;47.1;58.8;2.24;54.0;1.6;47.1;-;-;-;-19.0;-;0.47;41.2;32.8;2604.0;3.5;1.36;1.62
summer_17;2;JD Gaming;Team WE;1;2025-07-26;3;CN;11.0;36.4%;0.68;1743.0;-145.0;30:10;10.5;15.5;4.6;6.0;63.6;54.5;54.5;1.55;34.5;1.5;54.5;-;-;-;33.0;-;0.36;44.4;32.4;2372.0;3.5;1.29;1.31;CN;17.0;35.3%;0.83;1802.0;-63.0;31:34;13.2;15.9;4.9;6.2;47.1;47.1;58.8;2.24;54.0;1.6;47.1;-;-;-;-19.0;-;0.47;41.2;32.8;2604.0;3.5;1.36;1.62
summer_17;3;JD Gaming;Team WE;0;2025-07-26;3;CN;11.0;36.4%;0.68;1743.0;-145.0;30:10;10.5;15.5;4.6;6.0;63.6;54.5;54.5;1.55;34.5;1.5;54.5;-;-;-;33.0;-;0.36;44.4;32.4;2372.0;3.5;1.29;1.31;CN;17.0;35.3%;0.83;1802.0;-63.0;31:34;13.2;15.9;4.9;6.2;47.1;47.1;58.8;2.24;54.0;1.6;47.1;-;-;-;-19.0;-;0.47;41.2;32.8;2604.0;3.5;1.36;1.62
summer_18;1;Anyone s Legend;Bilibili Gaming;1;2025-07-26;3;CN;21.0;57.1%;1.18;1856.0;43.0;31:50;15.3;13.0;5.4;5.0;28.6;52.4;57.1;2.0;46.0;1.8;61.9;33.3;0.70;0.3;115.0;1.60;0.52;48.1;33.5;2756.0;3.7;1.43;1.62;CN;12.0;75.0%;1.45;1957.0;191.0;33:51;20.0;13.8;7.5;3.5;50.0;66.7;66.7;2.92;66.0;1.2;41.7;8.3;1.00;0.0;657.0;3.33;0.92;75.0;33.4;3010.0;3.6;1.39;1.75
summer_18;2;Anyone s Legend;Bilibili Gaming;0;2025-07-26;3;CN;21.0;57.1%;1.18;1856.0;43.0;31:50;15.3;13.0;5.4;5.0;28.6;52.4;57.1;2.0;46.0;1.8;61.9;33.3;0.70;0.3;115.0;1.60;0.52;48.1;33.5;2756.0;3.7;1.43;1.62;CN;12.0;75.0%;1.45;1957.0;191.0;33:51;20.0;13.8;7.5;3.5;50.0;66.7;66.7;2.92;66.0;1.2;41.7;8.3;1.00;0.0;657.0;3.33;0.92;75.0;33.4;3010.0;3.6;1.39;1.75
summer_18;3;Anyone s Legend;Bilibili Gaming;0;2025-07-26;3;CN;21.0;57.1%;1.18;1856.0;43.0;31:50;15.3;13.0;5.4;5.0;28.6;52.4;57.1;2.0;46.0;1.8;61.9;33.3;0.70;0.3;115.0;1.60;0.52;48.1;33.5;2756.0;3.7;1.43;1.62;CN;12.0;75.0%;1.45;1957.0;191.0;33:51;20.0;13.8;7.5;3.5;50.0;66.7;66.7;2.92;66.0;1.2;41.7;8.3;1.00;0.0;657.0;3.33;0.92;75.0;33.4;3010.0;3.6;1.39;1.75
summer_19;1;Ninjas in Pyjamas;Ultra Prime;1;2025-07-26;3;CN;10.0;60.0%;1.26;1850.0;54.0;32:35;13.5;10.6;5.9;5.0;60.0;50.0;60.0;2.4;54.3;1.3;60.0;-;-;-;-80.0;-;0.8;70.8;34.1;2333.0;3.6;1.32;1.63;CN;14.0;35.7%;0.76;1774.0;-90.0;31:15;9.8;12.9;4.6;6.3;42.9;21.4;42.9;2.07;48.0;1.8;64.3;-;-;-;-670.0;-;0.29;30.3;33.9;2124.0;3.7;1.29;1.34
summer_19;2;Ninjas in Pyjamas;Ultra Prime;1;2025-07-26;3;CN;10.0;60.0%;1.26;1850.0;54.0;32:35;13.5;10.6;5.9;5.0;60.0;50.0;60.0;2.4;54.3;1.3;60.0;-;-;-;-80.0;-;0.8;70.8;34.1;2333.0;3.6;1.32;1.63;CN;14.0;35.7%;0.76;1774.0;-90.0;31:15;9.8;12.9;4.6;6.3;42.9;21.4;42.9;2.07;48.0;1.8;64.3;-;-;-;-670.0;-;0.29;30.3;33.9;2124.0;3.7;1.29;1.34
summer_19;3;Ninjas in Pyjamas;Ultra Prime;0;2025-07-26;3;CN;10.0;60.0%;1.26;1850.0;54.0;32:35;13.5;10.6;5.9;5.0;60.0;50.0;60.0;2.4;54.3;1.3;60.0;-;-;-;-80.0;-;0.8;70.8;34.1;2333.0;3.6;1.32;1.63;CN;14.0;35.7%;0.76;1774.0;-90.0;31:15;9.8;12.9;4.6;6.3;42.9;21.4;42.9;2.07;48.0;1.8;64.3;-;-;-;-670.0;-;0.29;30.3;33.9;2124.0;3.7;1.29;1.34
summer_20;1;LGD Gaming;LNG Esports;1;2025-07-25;3;CN;13.0;53.8%;0.9;1856.0;9.0;30:52;13.4;14.9;5.8;5.2;30.8;61.5;53.8;1.85;45.0;1.5;46.2;-;-;-;-581.0;-;0.31;36.4;33.5;2395.0;3.1;1.13;1.58;CN;12.0;16.7%;0.58;1713.0;-244.0;33:22;10.2;17.6;3.5;7.7;66.7;58.3;33.3;1.42;26.5;1.9;41.7;-;-;-;228.0;-;0.17;18.2;33.0;2279.0;3.5;1.24;1.61
summer_20;2;LGD Gaming;LNG Esports;1;2025-07-25;3;CN;13.0;53.8%;0.9;1856.0;9.0;30:52;13.4;14.9;5.8;5.2;30.8;61.5;53.8;1.85;45.0;1.5;46.2;-;-;-;-581.0;-;0.31;36.4;33.5;2395.0;3.1;1.13;1.58;CN;12.0;16.7%;0.58;1713.0;-244.0;33:22;10.2;17.6;3.5;7.7;66.7;58.3;33.3;1.42;26.5;1.9;41.7;-;-;-;228.0;-;0.17;18.2;33.0;2279.0;3.5;1.24;1.61
summer_20;3;LGD Gaming;LNG Esports;0;2025-07-25;3;CN;13.0;53.8%;0.9;1856.0;9.0;30:52;13.4;14.9;5.8;5.2;30.8;61.5;53.8;1.85;45.0;1.5;46.2;-;-;-;-581.0;-;0.31;36.4;33.5;2395.0;3.1;1.13;1.58;CN;12.0;16.7%;0.58;1713.0;-244.0;33:22;10.2;17.6;3.5;7.7;66.7;58.3;33.3;1.42;26.5;1.9;41.7;-;-;-;228.0;-;0.17;18.2;33.0;2279.0;3.5;1.24;1.61
summer_21;1;Edward Gaming;Ninjas in Pyjamas;1;2025-07-25;3;CN;10.0;100.0%;2.74;2018.0;349.0;31:53;18.6;6.7;9.0;2.8;50.0;60.0;50.0;3.3;77.0;0.9;30.0;-;-;-;1566.0;-;0.9;100.0;35.4;2594.0;3.7;1.28;1.81;CN;10.0;60.0%;1.26;1850.0;54.0;32:35;13.5;10.6;5.9;5.0;60.0;50.0;60.0;2.4;54.3;1.3;60.0;-;-;-;-80.0;-;0.8;70.8;34.1;2333.0;3.6;1.32;1.63
summer_21;2;Edward Gaming;Ninjas in Pyjamas;1;2025-07-25;3;CN;10.0;100.0%;2.74;2018.0;349.0;31:53;18.6;6.7;9.0;2.8;50.0;60.0;50.0;3.3;77.0;0.9;30.0;-;-;-;1566.0;-;0.9;100.0;35.4;2594.0;3.7;1.28;1.81;CN;10.0;60.0%;1.26;1850.0;54.0;32:35;13.5;10.6;5.9;5.0;60.0;50.0;60.0;2.4;54.3;1.3;60.0;-;-;-;-80.0;-;0.8;70.8;34.1;2333.0;3.6;1.32;1.63
summer_22;1;TT;LNG Esports;1;2025-07-24;3;CN;9.0;44.4%;1.04;1837.0;4.0;31:44;13.0;12.6;5.6;6.2;55.6;33.3;55.6;2.78;56.9;1.3;55.6;-;-;-;-75.0;-;0.67;62.5;33.7;2211.0;3.7;1.44;1.63;CN;12.0;16.7%;0.58;1713.0;-244.0;33:22;10.2;17.6;3.5;7.7;66.7;58.3;33.3;1.42;26.5;1.9;41.7;-;-;-;228.0;-;0.17;18.2;33.0;2279.0;3.5;1.24;1.61
summer_22;2;TT;LNG Esports;1;2025-07-24;3;CN;9.0;44.4%;1.04;1837.0;4.0;31:44;13.0;12.6;5.6;6.2;55.6;33.3;55.6;2.78;56.9;1.3;55.6;-;-;-;-75.0;-;0.67;62.5;33.7;2211.0;3.7;1.44;1.63;CN;12.0;16.7%;0.58;1713.0;-244.0;33:22;10.2;17.6;3.5;7.7;66.7;58.3;33.3;1.42;26.5;1.9;41.7;-;-;-;228.0;-;0.17;18.2;33.0;2279.0;3.5;1.24;1.61
summer_23;1;JD Gaming;Invictus Gaming;0;2025-07-24;3;CN;11.0;36.4%;0.68;1743.0;-145.0;30:10;10.5;15.5;4.6;6.0;63.6;54.5;54.5;1.55;34.5;1.5;54.5;-;-;-;33.0;-;0.36;44.4;32.4;2372.0;3.5;1.29;1.31;CN;11.0;63.6%;1.25;1917.0;143.0;35:23;20.2;16.0;6.9;4.8;54.5;54.5;45.5;2.82;61.7;1.2;63.6;-;-;-;195.0;-;0.82;66.7;31.6;3215.0;3.4;1.29;1.58
summer_23;2;JD Gaming;Invictus Gaming;0;2025-07-24;3;CN;11.0;36.4%;0.68;1743.0;-145.0;30:10;10.5;15.5;4.6;6.0;63.6;54.5;54.5;1.55;34.5;1.5;54.5;-;-;-;33.0;-;0.36;44.4;32.4;2372.0;3.5;1.29;1.31;CN;11.0;63.6%;1.25;1917.0;143.0;35:23;20.2;16.0;6.9;4.8;54.5;54.5;45.5;2.82;61.7;1.2;63.6;-;-;-;195.0;-;0.82;66.7;31.6;3215.0;3.4;1.29;1.58
summer_24;1;Team WE;Weibo Gaming;1;2025-07-23;3;CN;17.0;35.3%;0.83;1802.0;-63.0;31:34;13.2;15.9;4.9;6.2;47.1;47.1;58.8;2.24;54.0;1.6;47.1;-;-;-;-19.0;-;0.47;41.2;32.8;2604.0;3.5;1.36;1.62;CN;16.0;43.8%;0.98;1825.0;-1.0;34:54;14.1;14.4;5.9;5.9;50.0;68.8;43.8;2.0;40.7;1.6;43.8;-;-;-;116.0;-;0.56;45.6;33.2;2757.0;3.6;1.35;1.66
summer_24;2;Team WE;Weibo Gaming;0;2025-07-23;3;CN;17.0;35.3%;0.83;1802.0;-63.0;31:34;13.2;15.9;4.9;6.2;47.1;47.1;58.8;2.24;54.0;1.6;47.1;-;-;-;-19.0;-;0.47;41.2;32.8;2604.0;3.5;1.36;1.62;CN;16.0;43.8%;0.98;1825.0;-1.0;34:54;14.1;14.4;5.9;5.9;50.0;68.8;43.8;2.0;40.7;1.6;43.8;-;-;-;116.0;-;0.56;45.6;33.2;2757.0;3.6;1.35;1.66
summer_24;3;Team WE;Weibo Gaming;0;2025-07-23;3;CN;17.0;35.3%;0.83;1802.0;-63.0;31:34;13.2;15.9;4.9;6.2;47.1;47.1;58.8;2.24;54.0;1.6;47.1;-;-;-;-19.0;-;0.47;41.2;32.8;2604.0;3.5;1.36;1.62;CN;16.0;43.8%;0.98;1825.0;-1.0;34:54;14.1;14.4;5.9;5.9;50.0;68.8;43.8;2.0;40.7;1.6;43.8;-;-;-;116.0;-;0.56;45.6;33.2;2757.0;3.6;1.35;1.66
summer_25;1;Funplus Phoenix;Top Esports;0;2025-07-23;3;CN;14.0;28.6%;0.64;1695.0;-250.0;33:16;10.9;17.0;3.1;7.7;42.9;14.3;28.6;2.14;44.2;1.5;57.1;-;-;-;-1346.0;-;0.21;21.4;31.8;2291.0;3.4;1.34;1.5;CN;15.0;66.7%;1.19;1911.0;112.0;33:45;17.5;14.7;6.7;4.7;60.0;53.3;46.7;2.4;52.8;1.5;46.7;-;-;-;505.0;-;0.73;63.3;33.4;2778.0;3.5;1.35;1.61
summer_25;2;Funplus Phoenix;Top Esports;0;2025-07-23;3;CN;14.0;28.6%;0.64;1695.0;-250.0;33:16;10.9;17.0;3.1;7.7;42.9;14.3;28.6;2.14;44.2;1.5;57.1;-;-;-;-1346.0;-;0.21;21.4;31.8;2291.0;3.4;1.34;1.5;CN;15.0;66.7%;1.19;1911.0;112.0;33:45;17.5;14.7;6.7;4.7;60.0;53.3;46.7;2.4;52.8;1.5;46.7;-;-;-;505.0;-;0.73;63.3;33.4;2778.0;3.5;1.35;1.61
summer_26;1;Invictus Gaming;Team WE;1;2025-07-22;3;CN;11.0;63.6%;1.25;1917.0;143.0;35:23;20.2;16.0;6.9;4.8;54.5;54.5;45.5;2.82;61.7;1.2;63.6;-;-;-;195.0;-;0.82;66.7;31.6;3215.0;3.4;1.29;1.58;CN;17.0;35.3%;0.83;1802.0;-63.0;31:34;13.2;15.9;4.9;6.2;47.1;47.1;58.8;2.24;54.0;1.6;47.1;-;-;-;-19.0;-;0.47;41.2;32.8;2604.0;3.5;1.36;1.62
summer_26;2;Invictus Gaming;Team WE;1;2025-07-22;3;CN;11.0;63.6%;1.25;1917.0;143.0;35:23;20.2;16.0;6.9;4.8;54.5;54.5;45.5;2.82;61.7;1.2;63.6;-;-;-;195.0;-;0.82;66.7;31.6;3215.0;3.4;1.29;1.58;CN;17.0;35.3%;0.83;1802.0;-63.0;31:34;13.2;15.9;4.9;6.2;47.1;47.1;58.8;2.24;54.0;1.6;47.1;-;-;-;-19.0;-;0.47;41.2;32.8;2604.0;3.5;1.36;1.62
summer_27;1;LGD Gaming;Ninjas in Pyjamas;1;2025-07-22;3;CN;13.0;53.8%;0.9;1856.0;9.0;30:52;13.4;14.9;5.8;5.2;30.8;61.5;53.8;1.85;45.0;1.5;46.2;-;-;-;-581.0;-;0.31;36.4;33.5;2395.0;3.1;1.13;1.58;CN;10.0;60.0%;1.26;1850.0;54.0;32:35;13.5;10.6;5.9;5.0;60.0;50.0;60.0;2.4;54.3;1.3;60.0;-;-;-;-80.0;-;0.8;70.8;34.1;2333.0;3.6;1.32;1.63
summer_27;2;LGD Gaming;Ninjas in Pyjamas;0;2025-07-22;3;CN;13.0;53.8%;0.9;1856.0;9.0;30:52;13.4;14.9;5.8;5.2;30.8;61.5;53.8;1.85;45.0;1.5;46.2;-;-;-;-581.0;-;0.31;36.4;33.5;2395.0;3.1;1.13;1.58;CN;10.0;60.0%;1.26;1850.0;54.0;32:35;13.5;10.6;5.9;5.0;60.0;50.0;60.0;2.4;54.3;1.3;60.0;-;-;-;-80.0;-;0.8;70.8;34.1;2333.0;3.6;1.32;1.63
summer_27;3;LGD Gaming;Ninjas in Pyjamas;0;2025-07-22;3;CN;13.0;53.8%;0.9;1856.0;9.0;30:52;13.4;14.9;5.8;5.2;30.8;61.5;53.8;1.85;45.0;1.5;46.2;-;-;-;-581.0;-;0.31;36.4;33.5;2395.0;3.1;1.13;1.58;CN;10.0;60.0%;1.26;1850.0;54.0;32:35;13.5;10.6;5.9;5.0;60.0;50.0;60.0;2.4;54.3;1.3;60.0;-;-;-;-80.0;-;0.8;70.8;34.1;2333.0;3.6;1.32;1.63
summer_28;1;LNG Esports;Ninjas in Pyjamas;0;2025-07-21;3;CN;12.0;16.7%;0.58;1713.0;-244.0;33:22;10.2;17.6;3.5;7.7;66.7;58.3;33.3;1.42;26.5;1.9;41.7;-;-;-;228.0;-;0.17;18.2;33.0;2279.0;3.5;1.24;1.61;CN;10.0;60.0%;1.26;1850.0;54.0;32:35;13.5;10.6;5.9;5.0;60.0;50.0;60.0;2.4;54.3;1.3;60.0;-;-;-;-80.0;-;0.8;70.8;34.1;2333.0;3.6;1.32;1.63
summer_28;2;LNG Esports;Ninjas in Pyjamas;0;2025-07-21;3;CN;12.0;16.7%;0.58;1713.0;-244.0;33:22;10.2;17.6;3.5;7.7;66.7;58.3;33.3;1.42;26.5;1.9;41.7;-;-;-;228.0;-;0.17;18.2;33.0;2279.0;3.5;1.24;1.61;CN;10.0;60.0%;1.26;1850.0;54.0;32:35;13.5;10.6;5.9;5.0;60.0;50.0;60.0;2.4;54.3;1.3;60.0;-;-;-;-80.0;-;0.8;70.8;34.1;2333.0;3.6;1.32;1.63
summer_29;1;Ultra Prime;TT;1;2025-07-21;3;CN;14.0;35.7%;0.76;1774.0;-90.0;31:15;9.8;12.9;4.6;6.3;42.9;21.4;42.9;2.07;48.0;1.8;64.3;-;-;-;-670.0;-;0.29;30.3;33.9;2124.0;3.7;1.29;1.34;CN;9.0;44.4%;1.04;1837.0;4.0;31:44;13.0;12.6;5.6;6.2;55.6;33.3;55.6;2.78;56.9;1.3;55.6;-;-;-;-75.0;-;0.67;62.5;33.7;2211.0;3.7;1.44;1.63
summer_29;2;Ultra Prime;TT;0;2025-07-21;3;CN;14.0;35.7%;0.76;1774.0;-90.0;31:15;9.8;12.9;4.6;6.3;42.9;21.4;42.9;2.07;48.0;1.8;64.3;-;-;-;-670.0;-;0.29;30.3;33.9;2124.0;3.7;1.29;1.34;CN;9.0;44.4%;1.04;1837.0;4.0;31:44;13.0;12.6;5.6;6.2;55.6;33.3;55.6;2.78;56.9;1.3;55.6;-;-;-;-75.0;-;0.67;62.5;33.7;2211.0;3.7;1.44;1.63
summer_29;3;Ultra Prime;TT;0;2025-07-21;3;CN;14.0;35.7%;0.76;1774.0;-90.0;31:15;9.8;12.9;4.6;6.3;42.9;21.4;42.9;2.07;48.0;1.8;64.3;-;-;-;-670.0;-;0.29;30.3;33.9;2124.0;3.7;1.29;1.34;CN;9.0;44.4%;1.04;1837.0;4.0;31:44;13.0;12.6;5.6;6.2;55.6;33.3;55.6;2.78;56.9;1.3;55.6;-;-;-;-75.0;-;0.67;62.5;33.7;2211.0;3.7;1.44;1.63
summer_30;1;Weibo Gaming;Top Esports;1;2025-07-20;3;CN;16.0;43.8%;0.98;1825.0;-1.0;34:54;14.1;14.4;5.9;5.9;50.0;68.8;43.8;2.0;40.7;1.6;43.8;-;-;-;116.0;-;0.56;45.6;33.2;2757.0;3.6;1.35;1.66;CN;15.0;66.7%;1.19;1911.0;112.0;33:45;17.5;14.7;6.7;4.7;60.0;53.3;46.7;2.4;52.8;1.5;46.7;-;-;-;505.0;-;0.73;63.3;33.4;2778.0;3.5;1.35;1.61
summer_30;2;Weibo Gaming;Top Esports;0;2025-07-20;3;CN;16.0;43.8%;0.98;1825.0;-1.0;34:54;14.1;14.4;5.9;5.9;50.0;68.8;43.8;2.0;40.7;1.6;43.8;-;-;-;116.0;-;0.56;45.6;33.2;2757.0;3.6;1.35;1.66;CN;15.0;66.7%;1.19;1911.0;112.0;33:45;17.5;14.7;6.7;4.7;60.0;53.3;46.7;2.4;52.8;1.5;46.7;-;-;-;505.0;-;0.73;63.3;33.4;2778.0;3.5;1.35;1.61
summer_30;3;Weibo Gaming;Top Esports;0;2025-07-20;3;CN;16.0;43.8%;0.98;1825.0;-1.0;34:54;14.1;14.4;5.9;5.9;50.0;68.8;43.8;2.0;40.7;1.6;43.8;-;-;-;116.0;-;0.56;45.6;33.2;2757.0;3.6;1.35;1.66;CN;15.0;66.7%;1.19;1911.0;112.0;33:45;17.5;14.7;6.7;4.7;60.0;53.3;46.7;2.4;52.8;1.5;46.7;-;-;-;505.0;-;0.73;63.3;33.4;2778.0;3.5;1.35;1.61
summer_31;1;Edward Gaming;TT;1;2025-07-20;3;CN;10.0;100.0%;2.74;2018.0;349.0;31:53;18.6;6.7;9.0;2.8;50.0;60.0;50.0;3.3;77.0;0.9;30.0;-;-;-;1566.0;-;0.9;100.0;35.4;2594.0;3.7;1.28;1.81;CN;9.0;44.4%;1.04;1837.0;4.0;31:44;13.0;12.6;5.6;6.2;55.6;33.3;55.6;2.78;56.9;1.3;55.6;-;-;-;-75.0;-;0.67;62.5;33.7;2211.0;3.7;1.44;1.63
summer_31;2;Edward Gaming;TT;1;2025-07-20;3;CN;10.0;100.0%;2.74;2018.0;349.0;31:53;18.6;6.7;9.0;2.8;50.0;60.0;50.0;3.3;77.0;0.9;30.0;-;-;-;1566.0;-;0.9;100.0;35.4;2594.0;3.7;1.28;1.81;CN;9.0;44.4%;1.04;1837.0;4.0;31:44;13.0;12.6;5.6;6.2;55.6;33.3;55.6;2.78;56.9;1.3;55.6;-;-;-;-75.0;-;0.67;62.5;33.7;2211.0;3.7;1.44;1.63
summer_32;1;Top Esports;Invictus Gaming;1;2025-07-19;3;CN;15.0;66.7%;1.19;1911.0;112.0;33:45;17.5;14.7;6.7;4.7;60.0;53.3;46.7;2.4;52.8;1.5;46.7;-;-;-;505.0;-;0.73;63.3;33.4;2778.0;3.5;1.35;1.61;CN;11.0;63.6%;1.25;1917.0;143.0;35:23;20.2;16.0;6.9;4.8;54.5;54.5;45.5;2.82;61.7;1.2;63.6;-;-;-;195.0;-;0.82;66.7;31.6;3215.0;3.4;1.29;1.58
summer_32;2;Top Esports;Invictus Gaming;1;2025-07-19;3;CN;15.0;66.7%;1.19;1911.0;112.0;33:45;17.5;14.7;6.7;4.7;60.0;53.3;46.7;2.4;52.8;1.5;46.7;-;-;-;505.0;-;0.73;63.3;33.4;2778.0;3.5;1.35;1.61;CN;11.0;63.6%;1.25;1917.0;143.0;35:23;20.2;16.0;6.9;4.8;54.5;54.5;45.5;2.82;61.7;1.2;63.6;-;-;-;195.0;-;0.82;66.7;31.6;3215.0;3.4;1.29;1.58
summer_32;3;Top Esports;Invictus Gaming;0;2025-07-19;3;CN;15.0;66.7%;1.19;1911.0;112.0;33:45;17.5;14.7;6.7;4.7;60.0;53.3;46.7;2.4;52.8;1.5;46.7;-;-;-;505.0;-;0.73;63.3;33.4;2778.0;3.5;1.35;1.61;CN;11.0;63.6%;1.25;1917.0;143.0;35:23;20.2;16.0;6.9;4.8;54.5;54.5;45.5;2.82;61.7;1.2;63.6;-;-;-;195.0;-;0.82;66.7;31.6;3215.0;3.4;1.29;1.58
summer_33;1;Weibo Gaming;Funplus Phoenix;1;2025-07-19;3;CN;16.0;43.8%;0.98;1825.0;-1.0;34:54;14.1;14.4;5.9;5.9;50.0;68.8;43.8;2.0;40.7;1.6;43.8;-;-;-;116.0;-;0.56;45.6;33.2;2757.0;3.6;1.35;1.66;CN;14.0;28.6%;0.64;1695.0;-250.0;33:16;10.9;17.0;3.1;7.7;42.9;14.3;28.6;2.14;44.2;1.5;57.1;-;-;-;-1346.0;-;0.21;21.4;31.8;2291.0;3.4;1.34;1.5
summer_33;2;Weibo Gaming;Funplus Phoenix;1;2025-07-19;3;CN;16.0;43.8%;0.98;1825.0;-1.0;34:54;14.1;14.4;5.9;5.9;50.0;68.8;43.8;2.0;40.7;1.6;43.8;-;-;-;116.0;-;0.56;45.6;33.2;2757.0;3.6;1.35;1.66;CN;14.0;28.6%;0.64;1695.0;-250.0;33:16;10.9;17.0;3.1;7.7;42.9;14.3;28.6;2.14;44.2;1.5;57.1;-;-;-;-1346.0;-;0.21;21.4;31.8;2291.0;3.4;1.34;1.5
summer_33;3;Weibo Gaming;Funplus Phoenix;0;2025-07-19;3;CN;16.0;43.8%;0.98;1825.0;-1.0;34:54;14.1;14.4;5.9;5.9;50.0;68.8;43.8;2.0;40.7;1.6;43.8;-;-;-;116.0;-;0.56;45.6;33.2;2757.0;3.6;1.35;1.66;CN;14.0;28.6%;0.64;1695.0;-250.0;33:16;10.9;17.0;3.1;7.7;42.9;14.3;28.6;2.14;44.2;1.5;57.1;-;-;-;-1346.0;-;0.21;21.4;31.8;2291.0;3.4;1.34;1.5
summer_34;1;Edward Gaming;Ultra Prime;1;2025-07-19;3;CN;10.0;100.0%;2.74;2018.0;349.0;31:53;18.6;6.7;9.0;2.8;50.0;60.0;50.0;3.3;77.0;0.9;30.0;-;-;-;1566.0;-;0.9;100.0;35.4;2594.0;3.7;1.28;1.81;CN;14.0;35.7%;0.76;1774.0;-90.0;31:15;9.8;12.9;4.6;6.3;42.9;21.4;42.9;2.07;48.0;1.8;64.3;-;-;-;-670.0;-;0.29;30.3;33.9;2124.0;3.7;1.29;1.34
summer_34;2;Edward Gaming;Ultra Prime;1;2025-07-19;3;CN;10.0;100.0%;2.74;2018.0;349.0;31:53;18.6;6.7;9.0;2.8;50.0;60.0;50.0;3.3;77.0;0.9;30.0;-;-;-;1566.0;-;0.9;100.0;35.4;2594.0;3.7;1.28;1.81;CN;14.0;35.7%;0.76;1774.0;-90.0;31:15;9.8;12.9;4.6;6.3;42.9;21.4;42.9;2.07;48.0;1.8;64.3;-;-;-;-670.0;-;0.29;30.3;33.9;2124.0;3.7;1.29;1.34
summer_35;1;GIANTX;Team Vitality;1;2025-08-04;3;EUW;5.0;60.0%;1.07;1864.0;81.0;31:18;12.6;11.8;6.6;5.2;80.0;60.0;80.0;2.8;66.7;1.8;60.0;60.0;1.60;0.2;979.0;3.60;0.8;70.0;33.2;2494.0;3.7;1.43;1.69;EUW;2.0;0.0%;0.34;1610.0;-410.0;29:11;5.5;16.0;1.5;9.5;-;-;-;0.5;12.5;1.0;0.0;-;0.00;0.0;-605.0;4.50;0.0;0.0;31.6;2003.0;3.3;1.33;1.58
summer_35;2;GIANTX;Team Vitality;1;2025-08-04;3;EUW;5.0;60.0%;1.07;1864.0;81.0;31:18;12.6;11.8;6.6;5.2;80.0;60.0;80.0;2.8;66.7;1.8;60.0;60.0;1.60;0.2;979.0;3.60;0.8;70.0;33.2;2494.0;3.7;1.43;1.69;EUW;2.0;0.0%;0.34;1610.0;-410.0;29:11;5.5;16.0;1.5;9.5;-;-;-;0.5;12.5;1.0;0.0;-;0.00;0.0;-605.0;4.50;0.0;0.0;31.6;2003.0;3.3;1.33;1.58
summer_36;1;SK Gaming;Fnatic;0;2025-08-04;3;EUW;4.0;0.0%;0.55;1730.0;-318.0;32:02;9.0;16.5;2.5;8.8;25.0;25.0;25.0;1.75;39.2;1.5;25.0;25.0;0.75;-0.5;-1240.0;1.50;0.0;0.0;34.9;1900.0;3.5;1.39;1.44;EUW;5.0;80.0%;1.5;1929.0;174.0;30:11;13.8;9.2;7.0;3.4;80.0;60.0;60.0;2.2;55.0;0.8;80.0;60.0;0.80;0.6;1170.0;3.60;0.6;50.0;34.6;2564.0;3.5;1.29;1.51
summer_36;2;SK Gaming;Fnatic;0;2025-08-04;3;EUW;4.0;0.0%;0.55;1730.0;-318.0;32:02;9.0;16.5;2.5;8.8;25.0;25.0;25.0;1.75;39.2;1.5;25.0;25.0;0.75;-0.5;-1240.0;1.50;0.0;0.0;34.9;1900.0;3.5;1.39;1.44;EUW;5.0;80.0%;1.5;1929.0;174.0;30:11;13.8;9.2;7.0;3.4;80.0;60.0;60.0;2.2;55.0;0.8;80.0;60.0;0.80;0.6;1170.0;3.60;0.6;50.0;34.6;2564.0;3.5;1.29;1.51
summer_37;1;GIANTX;Karmine Corp;1;2025-08-03;3;EUW;5.0;60.0%;1.07;1864.0;81.0;31:18;12.6;11.8;6.6;5.2;80.0;60.0;80.0;2.8;66.7;1.8;60.0;60.0;1.60;0.2;979.0;3.60;0.8;70.0;33.2;2494.0;3.7;1.43;1.69;EUW;5.0;80.0%;2.07;1973.0;270.0;30:24;17.0;8.2;8.6;3.4;40.0;80.0;60.0;3.0;68.3;1.6;60.0;60.0;1.20;0.0;234.0;4.60;0.6;62.5;34.6;2592.0;3.4;1.21;1.53
summer_37;2;GIANTX;Karmine Corp;0;2025-08-03;3;EUW;5.0;60.0%;1.07;1864.0;81.0;31:18;12.6;11.8;6.6;5.2;80.0;60.0;80.0;2.8;66.7;1.8;60.0;60.0;1.60;0.2;979.0;3.60;0.8;70.0;33.2;2494.0;3.7;1.43;1.69;EUW;5.0;80.0%;2.07;1973.0;270.0;30:24;17.0;8.2;8.6;3.4;40.0;80.0;60.0;3.0;68.3;1.6;60.0;60.0;1.20;0.0;234.0;4.60;0.6;62.5;34.6;2592.0;3.4;1.21;1.53
summer_37;3;GIANTX;Karmine Corp;0;2025-08-03;3;EUW;5.0;60.0%;1.07;1864.0;81.0;31:18;12.6;11.8;6.6;5.2;80.0;60.0;80.0;2.8;66.7;1.8;60.0;60.0;1.60;0.2;979.0;3.60;0.8;70.0;33.2;2494.0;3.7;1.43;1.69;EUW;5.0;80.0%;2.07;1973.0;270.0;30:24;17.0;8.2;8.6;3.4;40.0;80.0;60.0;3.0;68.3;1.6;60.0;60.0;1.20;0.0;234.0;4.60;0.6;62.5;34.6;2592.0;3.4;1.21;1.53
summer_38;1;Team BDS;SK Gaming;1;2025-08-03;3;EUW;2.0;100.0%;1.67;2049.0;266.0;35:07;20.0;12.0;8.5;3.5;50.0;50.0;50.0;2.0;41.7;2.5;50.0;50.0;0.50;0.5;631.0;5.50;1.5;100.0;34.3;2558.0;3.5;1.14;1.91;EUW;4.0;0.0%;0.55;1730.0;-318.0;32:02;9.0;16.5;2.5;8.8;25.0;25.0;25.0;1.75;39.2;1.5;25.0;25.0;0.75;-0.5;-1240.0;1.50;0.0;0.0;34.9;1900.0;3.5;1.39;1.44
summer_38;2;Team BDS;SK Gaming;1;2025-08-03;3;EUW;2.0;100.0%;1.67;2049.0;266.0;35:07;20.0;12.0;8.5;3.5;50.0;50.0;50.0;2.0;41.7;2.5;50.0;50.0;0.50;0.5;631.0;5.50;1.5;100.0;34.3;2558.0;3.5;1.14;1.91;EUW;4.0;0.0%;0.55;1730.0;-318.0;32:02;9.0;16.5;2.5;8.8;25.0;25.0;25.0;1.75;39.2;1.5;25.0;25.0;0.75;-0.5;-1240.0;1.50;0.0;0.0;34.9;1900.0;3.5;1.39;1.44
summer_39;1;Team Heretics;Fnatic;1;2025-08-02;3;EUW;3.0;33.3%;0.79;1805.0;-44.0;31:00;11.3;14.3;4.7;5.7;33.3;66.7;66.7;2.33;61.7;2.0;33.3;66.7;1.33;-0.7;-716.0;4.00;0.67;66.7;33.9;2059.0;3.3;1.13;1.66;EUW;5.0;80.0%;1.5;1929.0;174.0;30:11;13.8;9.2;7.0;3.4;80.0;60.0;60.0;2.2;55.0;0.8;80.0;60.0;0.80;0.6;1170.0;3.60;0.6;50.0;34.6;2564.0;3.5;1.29;1.51
summer_39;2;Team Heretics;Fnatic;0;2025-08-02;3;EUW;3.0;33.3%;0.79;1805.0;-44.0;31:00;11.3;14.3;4.7;5.7;33.3;66.7;66.7;2.33;61.7;2.0;33.3;66.7;1.33;-0.7;-716.0;4.00;0.67;66.7;33.9;2059.0;3.3;1.13;1.66;EUW;5.0;80.0%;1.5;1929.0;174.0;30:11;13.8;9.2;7.0;3.4;80.0;60.0;60.0;2.2;55.0;0.8;80.0;60.0;0.80;0.6;1170.0;3.60;0.6;50.0;34.6;2564.0;3.5;1.29;1.51
summer_39;3;Team Heretics;Fnatic;0;2025-08-02;3;EUW;3.0;33.3%;0.79;1805.0;-44.0;31:00;11.3;14.3;4.7;5.7;33.3;66.7;66.7;2.33;61.7;2.0;33.3;66.7;1.33;-0.7;-716.0;4.00;0.67;66.7;33.9;2059.0;3.3;1.13;1.66;EUW;5.0;80.0%;1.5;1929.0;174.0;30:11;13.8;9.2;7.0;3.4;80.0;60.0;60.0;2.2;55.0;0.8;80.0;60.0;0.80;0.6;1170.0;3.60;0.6;50.0;34.6;2564.0;3.5;1.29;1.51
summer_40;1;Natus Vincere;Karmine Corp;0;2025-08-02;3;EUW;2.0;0.0%;0.27;1618.0;-467.0;26:56;5.0;18.5;1.5;10.0;50.0;-;-;0.0;0.0;1.0;50.0;50.0;0.00;-0.5;-2427.0;2.50;0.0;0.0;31.9;1953.0;2.9;0.81;1.0;EUW;5.0;80.0%;2.07;1973.0;270.0;30:24;17.0;8.2;8.6;3.4;40.0;80.0;60.0;3.0;68.3;1.6;60.0;60.0;1.20;0.0;234.0;4.60;0.6;62.5;34.6;2592.0;3.4;1.21;1.53
summer_40;2;Natus Vincere;Karmine Corp;0;2025-08-02;3;EUW;2.0;0.0%;0.27;1618.0;-467.0;26:56;5.0;18.5;1.5;10.0;50.0;-;-;0.0;0.0;1.0;50.0;50.0;0.00;-0.5;-2427.0;2.50;0.0;0.0;31.9;1953.0;2.9;0.81;1.0;EUW;5.0;80.0%;2.07;1973.0;270.0;30:24;17.0;8.2;8.6;3.4;40.0;80.0;60.0;3.0;68.3;1.6;60.0;60.0;1.20;0.0;234.0;4.60;0.6;62.5;34.6;2592.0;3.4;1.21;1.53
summer_41;1;Nongshim RedForce;Gen.G eSports;0;2025-08-03;3;KR;8.0;0.0%;0.41;1719.0;-351.0;30:09;9.3;22.4;3.1;8.3;37.5;37.5;25.0;0.88;20.8;1.4;37.5;12.5;0.38;-0.3;-1171.0;2.63;0.25;19.0;32.0;2387.0;3.5;1.37;1.26;KR;19.0;73.7%;1.39;1967.0;182.0;31:50;17.2;12.3;7.2;4.2;73.7;52.6;57.9;2.79;62.3;1.7;42.1;52.6;0.89;0.3;854.0;4.53;0.58;57.8;34.5;2844.0;3.6;1.22;1.65
summer_41;2;Nongshim RedForce;Gen.G eSports;0;2025-08-03;3;KR;8.0;0.0%;0.41;1719.0;-351.0;30:09;9.3;22.4;3.1;8.3;37.5;37.5;25.0;0.88;20.8;1.4;37.5;12.5;0.38;-0.3;-1171.0;2.63;0.25;19.0;32.0;2387.0;3.5;1.37;1.26;KR;19.0;73.7%;1.39;1967.0;182.0;31:50;17.2;12.3;7.2;4.2;73.7;52.6;57.9;2.79;62.3;1.7;42.1;52.6;0.89;0.3;854.0;4.53;0.58;57.8;34.5;2844.0;3.6;1.22;1.65
summer_42;1;DN Freecs;OK BRION;0;2025-08-03;3;KR;9.0;11.1%;0.6;1706.0;-226.0;34:37;10.3;17.3;4.2;8.0;44.4;55.6;44.4;1.78;38.7;1.8;55.6;77.8;0.56;0.1;134.0;4.44;0.11;3.7;31.9;2380.0;3.5;1.39;1.44;KR;10.0;60.0%;1.35;1883.0;59.0;34:25;17.4;12.9;6.1;6.2;40.0;80.0;70.0;2.9;59.5;1.4;60.0;40.0;1.00;-0.1;-57.0;2.40;0.6;46.3;33.8;2881.0;3.5;1.34;1.68
summer_42;2;DN Freecs;OK BRION;0;2025-08-03;3;KR;9.0;11.1%;0.6;1706.0;-226.0;34:37;10.3;17.3;4.2;8.0;44.4;55.6;44.4;1.78;38.7;1.8;55.6;77.8;0.56;0.1;134.0;4.44;0.11;3.7;31.9;2380.0;3.5;1.39;1.44;KR;10.0;60.0%;1.35;1883.0;59.0;34:25;17.4;12.9;6.1;6.2;40.0;80.0;70.0;2.9;59.5;1.4;60.0;40.0;1.00;-0.1;-57.0;2.40;0.6;46.3;33.8;2881.0;3.5;1.34;1.68
summer_43;1;BNK FearX;DRX;1;2025-08-02;3;KR;9.0;55.6%;0.96;1839.0;-21.0;33:09;16.6;17.3;5.9;5.4;55.6;33.3;33.3;2.67;54.3;1.6;22.2;44.4;0.78;-0.1;-776.0;2.78;0.44;37.5;32.1;2837.0;3.7;1.42;1.67;KR;12.0;50.0%;1.0;1831.0;31.0;36:34;15.2;15.2;5.8;5.3;75.0;25.0;66.7;2.5;46.7;2.2;66.7;66.7;0.92;0.1;68.0;1.83;1.08;79.2;32.5;2745.0;3.4;1.27;1.63
summer_43;2;BNK FearX;DRX;0;2025-08-02;3;KR;9.0;55.6%;0.96;1839.0;-21.0;33:09;16.6;17.3;5.9;5.4;55.6;33.3;33.3;2.67;54.3;1.6;22.2;44.4;0.78;-0.1;-776.0;2.78;0.44;37.5;32.1;2837.0;3.7;1.42;1.67;KR;12.0;50.0%;1.0;1831.0;31.0;36:34;15.2;15.2;5.8;5.3;75.0;25.0;66.7;2.5;46.7;2.2;66.7;66.7;0.92;0.1;68.0;1.83;1.08;79.2;32.5;2745.0;3.4;1.27;1.63
summer_43;3;BNK FearX;DRX;0;2025-08-02;3;KR;9.0;55.6%;0.96;1839.0;-21.0;33:09;16.6;17.3;5.9;5.4;55.6;33.3;33.3;2.67;54.3;1.6;22.2;44.4;0.78;-0.1;-776.0;2.78;0.44;37.5;32.1;2837.0;3.7;1.42;1.67;KR;12.0;50.0%;1.0;1831.0;31.0;36:34;15.2;15.2;5.8;5.3;75.0;25.0;66.7;2.5;46.7;2.2;66.7;66.7;0.92;0.1;68.0;1.83;1.08;79.2;32.5;2745.0;3.4;1.27;1.63
summer_44;1;T1;Hanwha Life eSports;1;2025-08-02;3;KR;16.0;75.0%;1.38;1980.0;182.0;29:27;17.4;12.5;7.3;3.7;68.8;68.8;75.0;2.75;65.2;1.4;81.3;75.0;1.31;-0.2;322.0;4.38;0.63;76.9;34.5;3086.0;3.6;1.36;1.37;KR;13.0;53.8%;1.06;1890.0;54.0;31:49;16.0;15.1;5.8;5.0;46.2;61.5;53.8;2.46;54.5;0.9;46.2;53.8;1.00;0.2;372.0;3.38;0.77;70.8;33.5;2840.0;3.6;1.34;1.68
summer_44;2;T1;Hanwha Life eSports;1;2025-08-02;3;KR;16.0;75.0%;1.38;1980.0;182.0;29:27;17.4;12.5;7.3;3.7;68.8;68.8;75.0;2.75;65.2;1.4;81.3;75.0;1.31;-0.2;322.0;4.38;0.63;76.9;34.5;3086.0;3.6;1.36;1.37;KR;13.0;53.8%;1.06;1890.0;54.0;31:49;16.0;15.1;5.8;5.0;46.2;61.5;53.8;2.46;54.5;0.9;46.2;53.8;1.00;0.2;372.0;3.38;0.77;70.8;33.5;2840.0;3.6;1.34;1.68
summer_45;1;Dplus KIA;DN Freecs;1;2025-08-01;3;KR;10.0;70.0%;1.2;1895.0;125.0;36:23;15.3;12.8;7.4;4.9;30.0;60.0;30.0;2.6;50.8;0.5;40.0;20.0;1.00;0.0;553.0;3.50;0.8;70.0;34.4;2740.0;3.3;1.29;1.63;KR;9.0;11.1%;0.6;1706.0;-226.0;34:37;10.3;17.3;4.2;8.0;44.4;55.6;44.4;1.78;38.7;1.8;55.6;77.8;0.56;0.1;134.0;4.44;0.11;3.7;31.9;2380.0;3.5;1.39;1.44
summer_45;2;Dplus KIA;DN Freecs;1;2025-08-01;3;KR;10.0;70.0%;1.2;1895.0;125.0;36:23;15.3;12.8;7.4;4.9;30.0;60.0;30.0;2.6;50.8;0.5;40.0;20.0;1.00;0.0;553.0;3.50;0.8;70.0;34.4;2740.0;3.3;1.29;1.63;KR;9.0;11.1%;0.6;1706.0;-226.0;34:37;10.3;17.3;4.2;8.0;44.4;55.6;44.4;1.78;38.7;1.8;55.6;77.8;0.56;0.1;134.0;4.44;0.11;3.7;31.9;2380.0;3.5;1.39;1.44
summer_46;1;Gen.G eSports;KT Rolster;1;2025-08-01;3;KR;19.0;73.7%;1.39;1967.0;182.0;31:50;17.2;12.3;7.2;4.2;73.7;52.6;57.9;2.79;62.3;1.7;42.1;52.6;0.89;0.3;854.0;4.53;0.58;57.8;34.5;2844.0;3.6;1.22;1.65;KR;8.0;25.0%;0.79;1771.0;-188.0;32:20;14.4;18.3;3.8;7.5;25.0;25.0;25.0;1.63;35.4;2.0;12.5;37.5;0.63;-0.1;-1073.0;3.25;0.38;27.8;31.7;2586.0;3.5;1.34;1.49
summer_46;2;Gen.G eSports;KT Rolster;1;2025-08-01;3;KR;19.0;73.7%;1.39;1967.0;182.0;31:50;17.2;12.3;7.2;4.2;73.7;52.6;57.9;2.79;62.3;1.7;42.1;52.6;0.89;0.3;854.0;4.53;0.58;57.8;34.5;2844.0;3.6;1.22;1.65;KR;8.0;25.0%;0.79;1771.0;-188.0;32:20;14.4;18.3;3.8;7.5;25.0;25.0;25.0;1.63;35.4;2.0;12.5;37.5;0.63;-0.1;-1073.0;3.25;0.38;27.8;31.7;2586.0;3.5;1.34;1.49
summer_47;1;Nongshim RedForce;Hanwha Life eSports;0;2025-07-31;3;KR;8.0;0.0%;0.41;1719.0;-351.0;30:09;9.3;22.4;3.1;8.3;37.5;37.5;25.0;0.88;20.8;1.4;37.5;12.5;0.38;-0.3;-1171.0;2.63;0.25;19.0;32.0;2387.0;3.5;1.37;1.26;KR;13.0;53.8%;1.06;1890.0;54.0;31:49;16.0;15.1;5.8;5.0;46.2;61.5;53.8;2.46;54.5;0.9;46.2;53.8;1.00;0.2;372.0;3.38;0.77;70.8;33.5;2840.0;3.6;1.34;1.68
summer_47;2;Nongshim RedForce;Hanwha Life eSports;0;2025-07-31;3;KR;8.0;0.0%;0.41;1719.0;-351.0;30:09;9.3;22.4;3.1;8.3;37.5;37.5;25.0;0.88;20.8;1.4;37.5;12.5;0.38;-0.3;-1171.0;2.63;0.25;19.0;32.0;2387.0;3.5;1.37;1.26;KR;13.0;53.8%;1.06;1890.0;54.0;31:49;16.0;15.1;5.8;5.0;46.2;61.5;53.8;2.46;54.5;0.9;46.2;53.8;1.00;0.2;372.0;3.38;0.77;70.8;33.5;2840.0;3.6;1.34;1.68
summer_48;1;BNK FearX;OK BRION;1;2025-07-31;3;KR;9.0;55.6%;0.96;1839.0;-21.0;33:09;16.6;17.3;5.9;5.4;55.6;33.3;33.3;2.67;54.3;1.6;22.2;44.4;0.78;-0.1;-776.0;2.78;0.44;37.5;32.1;2837.0;3.7;1.42;1.67;KR;10.0;60.0%;1.35;1883.0;59.0;34:25;17.4;12.9;6.1;6.2;40.0;80.0;70.0;2.9;59.5;1.4;60.0;40.0;1.00;-0.1;-57.0;2.40;0.6;46.3;33.8;2881.0;3.5;1.34;1.68
summer_48;2;BNK FearX;OK BRION;1;2025-07-31;3;KR;9.0;55.6%;0.96;1839.0;-21.0;33:09;16.6;17.3;5.9;5.4;55.6;33.3;33.3;2.67;54.3;1.6;22.2;44.4;0.78;-0.1;-776.0;2.78;0.44;37.5;32.1;2837.0;3.7;1.42;1.67;KR;10.0;60.0%;1.35;1883.0;59.0;34:25;17.4;12.9;6.1;6.2;40.0;80.0;70.0;2.9;59.5;1.4;60.0;40.0;1.00;-0.1;-57.0;2.40;0.6;46.3;33.8;2881.0;3.5;1.34;1.68
summer_49;1;KT Rolster;T1;0;2025-07-30;3;KR;8.0;25.0%;0.79;1771.0;-188.0;32:20;14.4;18.3;3.8;7.5;25.0;25.0;25.0;1.63;35.4;2.0;12.5;37.5;0.63;-0.1;-1073.0;3.25;0.38;27.8;31.7;2586.0;3.5;1.34;1.49;KR;16.0;75.0%;1.38;1980.0;182.0;29:27;17.4;12.5;7.3;3.7;68.8;68.8;75.0;2.75;65.2;1.4;81.3;75.0;1.31;-0.2;322.0;4.38;0.63;76.9;34.5;3086.0;3.6;1.36;1.37
summer_49;2;KT Rolster;T1;0;2025-07-30;3;KR;8.0;25.0%;0.79;1771.0;-188.0;32:20;14.4;18.3;3.8;7.5;25.0;25.0;25.0;1.63;35.4;2.0;12.5;37.5;0.63;-0.1;-1073.0;3.25;0.38;27.8;31.7;2586.0;3.5;1.34;1.49;KR;16.0;75.0%;1.38;1980.0;182.0;29:27;17.4;12.5;7.3;3.7;68.8;68.8;75.0;2.75;65.2;1.4;81.3;75.0;1.31;-0.2;322.0;4.38;0.63;76.9;34.5;3086.0;3.6;1.36;1.37
summer_50;1;DRX;Dplus KIA;1;2025-07-30;3;KR;12.0;50.0%;1.0;1831.0;31.0;36:34;15.2;15.2;5.8;5.3;75.0;25.0;66.7;2.5;46.7;2.2;66.7;66.7;0.92;0.1;68.0;1.83;1.08;79.2;32.5;2745.0;3.4;1.27;1.63;KR;10.0;70.0%;1.2;1895.0;125.0;36:23;15.3;12.8;7.4;4.9;30.0;60.0;30.0;2.6;50.8;0.5;40.0;20.0;1.00;0.0;553.0;3.50;0.8;70.0;34.4;2740.0;3.3;1.29;1.63
summer_50;2;DRX;Dplus KIA;0;2025-07-30;3;KR;12.0;50.0%;1.0;1831.0;31.0;36:34;15.2;15.2;5.8;5.3;75.0;25.0;66.7;2.5;46.7;2.2;66.7;66.7;0.92;0.1;68.0;1.83;1.08;79.2;32.5;2745.0;3.4;1.27;1.63;KR;10.0;70.0%;1.2;1895.0;125.0;36:23;15.3;12.8;7.4;4.9;30.0;60.0;30.0;2.6;50.8;0.5;40.0;20.0;1.00;0.0;553.0;3.50;0.8;70.0;34.4;2740.0;3.3;1.29;1.63
summer_50;3;DRX;Dplus KIA;0;2025-07-30;3;KR;12.0;50.0%;1.0;1831.0;31.0;36:34;15.2;15.2;5.8;5.3;75.0;25.0;66.7;2.5;46.7;2.2;66.7;66.7;0.92;0.1;68.0;1.83;1.08;79.2;32.5;2745.0;3.4;1.27;1.63;KR;10.0;70.0%;1.2;1895.0;125.0;36:23;15.3;12.8;7.4;4.9;30.0;60.0;30.0;2.6;50.8;0.5;40.0;20.0;1.00;0.0;553.0;3.50;0.8;70.0;34.4;2740.0;3.3;1.29;1.63
summer_51;1;T1;Nongshim RedForce;1;2025-07-27;3;KR;16.0;75.0%;1.38;1980.0;182.0;29:27;17.4;12.5;7.3;3.7;68.8;68.8;75.0;2.75;65.2;1.4;81.3;75.0;1.31;-0.2;322.0;4.38;0.63;76.9;34.5;3086.0;3.6;1.36;1.37;KR;8.0;0.0%;0.41;1719.0;-351.0;30:09;9.3;22.4;3.1;8.3;37.5;37.5;25.0;0.88;20.8;1.4;37.5;12.5;0.38;-0.3;-1171.0;2.63;0.25;19.0;32.0;2387.0;3.5;1.37;1.26
summer_51;2;T1;Nongshim RedForce;1;2025-07-27;3;KR;16.0;75.0%;1.38;1980.0;182.0;29:27;17.4;12.5;7.3;3.7;68.8;68.8;75.0;2.75;65.2;1.4;81.3;75.0;1.31;-0.2;322.0;4.38;0.63;76.9;34.5;3086.0;3.6;1.36;1.37;KR;8.0;0.0%;0.41;1719.0;-351.0;30:09;9.3;22.4;3.1;8.3;37.5;37.5;25.0;0.88;20.8;1.4;37.5;12.5;0.38;-0.3;-1171.0;2.63;0.25;19.0;32.0;2387.0;3.5;1.37;1.26
summer_52;1;DN Freecs;DRX;1;2025-07-27;3;KR;9.0;11.1%;0.6;1706.0;-226.0;34:37;10.3;17.3;4.2;8.0;44.4;55.6;44.4;1.78;38.7;1.8;55.6;77.8;0.56;0.1;134.0;4.44;0.11;3.7;31.9;2380.0;3.5;1.39;1.44;KR;12.0;50.0%;1.0;1831.0;31.0;36:34;15.2;15.2;5.8;5.3;75.0;25.0;66.7;2.5;46.7;2.2;66.7;66.7;0.92;0.1;68.0;1.83;1.08;79.2;32.5;2745.0;3.4;1.27;1.63
summer_52;2;DN Freecs;DRX;0;2025-07-27;3;KR;9.0;11.1%;0.6;1706.0;-226.0;34:37;10.3;17.3;4.2;8.0;44.4;55.6;44.4;1.78;38.7;1.8;55.6;77.8;0.56;0.1;134.0;4.44;0.11;3.7;31.9;2380.0;3.5;1.39;1.44;KR;12.0;50.0%;1.0;1831.0;31.0;36:34;15.2;15.2;5.8;5.3;75.0;25.0;66.7;2.5;46.7;2.2;66.7;66.7;0.92;0.1;68.0;1.83;1.08;79.2;32.5;2745.0;3.4;1.27;1.63
summer_52;3;DN Freecs;DRX;0;2025-07-27;3;KR;9.0;11.1%;0.6;1706.0;-226.0;34:37;10.3;17.3;4.2;8.0;44.4;55.6;44.4;1.78;38.7;1.8;55.6;77.8;0.56;0.1;134.0;4.44;0.11;3.7;31.9;2380.0;3.5;1.39;1.44;KR;12.0;50.0%;1.0;1831.0;31.0;36:34;15.2;15.2;5.8;5.3;75.0;25.0;66.7;2.5;46.7;2.2;66.7;66.7;0.92;0.1;68.0;1.83;1.08;79.2;32.5;2745.0;3.4;1.27;1.63
summer_53;1;Hanwha Life eSports;KT Rolster;1;2025-07-26;3;KR;13.0;53.8%;1.06;1890.0;54.0;31:49;16.0;15.1;5.8;5.0;46.2;61.5;53.8;2.46;54.5;0.9;46.2;53.8;1.00;0.2;372.0;3.38;0.77;70.8;33.5;2840.0;3.6;1.34;1.68;KR;8.0;25.0%;0.79;1771.0;-188.0;32:20;14.4;18.3;3.8;7.5;25.0;25.0;25.0;1.63;35.4;2.0;12.5;37.5;0.63;-0.1;-1073.0;3.25;0.38;27.8;31.7;2586.0;3.5;1.34;1.49
summer_53;2;Hanwha Life eSports;KT Rolster;1;2025-07-26;3;KR;13.0;53.8%;1.06;1890.0;54.0;31:49;16.0;15.1;5.8;5.0;46.2;61.5;53.8;2.46;54.5;0.9;46.2;53.8;1.00;0.2;372.0;3.38;0.77;70.8;33.5;2840.0;3.6;1.34;1.68;KR;8.0;25.0%;0.79;1771.0;-188.0;32:20;14.4;18.3;3.8;7.5;25.0;25.0;25.0;1.63;35.4;2.0;12.5;37.5;0.63;-0.1;-1073.0;3.25;0.38;27.8;31.7;2586.0;3.5;1.34;1.49
summer_54;1;Dplus KIA;BNK FearX;1;2025-07-26;3;KR;10.0;70.0%;1.2;1895.0;125.0;36:23;15.3;12.8;7.4;4.9;30.0;60.0;30.0;2.6;50.8;0.5;40.0;20.0;1.00;0.0;553.0;3.50;0.8;70.0;34.4;2740.0;3.3;1.29;1.63;KR;9.0;55.6%;0.96;1839.0;-21.0;33:09;16.6;17.3;5.9;5.4;55.6;33.3;33.3;2.67;54.3;1.6;22.2;44.4;0.78;-0.1;-776.0;2.78;0.44;37.5;32.1;2837.0;3.7;1.42;1.67
summer_54;2;Dplus KIA;BNK FearX;1;2025-07-26;3;KR;10.0;70.0%;1.2;1895.0;125.0;36:23;15.3;12.8;7.4;4.9;30.0;60.0;30.0;2.6;50.8;0.5;40.0;20.0;1.00;0.0;553.0;3.50;0.8;70.0;34.4;2740.0;3.3;1.29;1.63;KR;9.0;55.6%;0.96;1839.0;-21.0;33:09;16.6;17.3;5.9;5.4;55.6;33.3;33.3;2.67;54.3;1.6;22.2;44.4;0.78;-0.1;-776.0;2.78;0.44;37.5;32.1;2837.0;3.7;1.42;1.67
summer_55;1;OK BRION;DRX;1;2025-07-25;3;KR;10.0;60.0%;1.35;1883.0;59.0;34:25;17.4;12.9;6.1;6.2;40.0;80.0;70.0;2.9;59.5;1.4;60.0;40.0;1.00;-0.1;-57.0;2.40;0.6;46.3;33.8;2881.0;3.5;1.34;1.68;KR;12.0;50.0%;1.0;1831.0;31.0;36:34;15.2;15.2;5.8;5.3;75.0;25.0;66.7;2.5;46.7;2.2;66.7;66.7;0.92;0.1;68.0;1.83;1.08;79.2;32.5;2745.0;3.4;1.27;1.63
summer_55;2;OK BRION;DRX;1;2025-07-25;3;KR;10.0;60.0%;1.35;1883.0;59.0;34:25;17.4;12.9;6.1;6.2;40.0;80.0;70.0;2.9;59.5;1.4;60.0;40.0;1.00;-0.1;-57.0;2.40;0.6;46.3;33.8;2881.0;3.5;1.34;1.68;KR;12.0;50.0%;1.0;1831.0;31.0;36:34;15.2;15.2;5.8;5.3;75.0;25.0;66.7;2.5;46.7;2.2;66.7;66.7;0.92;0.1;68.0;1.83;1.08;79.2;32.5;2745.0;3.4;1.27;1.63
summer_55;3;OK BRION;DRX;0;2025-07-25;3;KR;10.0;60.0%;1.35;1883.0;59.0;34:25;17.4;12.9;6.1;6.2;40.0;80.0;70.0;2.9;59.5;1.4;60.0;40.0;1.00;-0.1;-57.0;2.40;0.6;46.3;33.8;2881.0;3.5;1.34;1.68;KR;12.0;50.0%;1.0;1831.0;31.0;36:34;15.2;15.2;5.8;5.3;75.0;25.0;66.7;2.5;46.7;2.2;66.7;66.7;0.92;0.1;68.0;1.83;1.08;79.2;32.5;2745.0;3.4;1.27;1.63
summer_56;1;T1;Gen.G eSports;1;2025-07-25;3;KR;16.0;75.0%;1.38;1980.0;182.0;29:27;17.4;12.5;7.3;3.7;68.8;68.8;75.0;2.75;65.2;1.4;81.3;75.0;1.31;-0.2;322.0;4.38;0.63;76.9;34.5;3086.0;3.6;1.36;1.37;KR;19.0;73.7%;1.39;1967.0;182.0;31:50;17.2;12.3;7.2;4.2;73.7;52.6;57.9;2.79;62.3;1.7;42.1;52.6;0.89;0.3;854.0;4.53;0.58;57.8;34.5;2844.0;3.6;1.22;1.65
summer_56;2;T1;Gen.G eSports;1;2025-07-25;3;KR;16.0;75.0%;1.38;1980.0;182.0;29:27;17.4;12.5;7.3;3.7;68.8;68.8;75.0;2.75;65.2;1.4;81.3;75.0;1.31;-0.2;322.0;4.38;0.63;76.9;34.5;3086.0;3.6;1.36;1.37;KR;19.0;73.7%;1.39;1967.0;182.0;31:50;17.2;12.3;7.2;4.2;73.7;52.6;57.9;2.79;62.3;1.7;42.1;52.6;0.89;0.3;854.0;4.53;0.58;57.8;34.5;2844.0;3.6;1.22;1.65
summer_56;3;T1;Gen.G eSports;0;2025-07-25;3;KR;16.0;75.0%;1.38;1980.0;182.0;29:27;17.4;12.5;7.3;3.7;68.8;68.8;75.0;2.75;65.2;1.4;81.3;75.0;1.31;-0.2;322.0;4.38;0.63;76.9;34.5;3086.0;3.6;1.36;1.37;KR;19.0;73.7%;1.39;1967.0;182.0;31:50;17.2;12.3;7.2;4.2;73.7;52.6;57.9;2.79;62.3;1.7;42.1;52.6;0.89;0.3;854.0;4.53;0.58;57.8;34.5;2844.0;3.6;1.22;1.65
summer_57;1;KT Rolster;Nongshim RedForce;1;2025-07-24;3;KR;8.0;25.0%;0.79;1771.0;-188.0;32:20;14.4;18.3;3.8;7.5;25.0;25.0;25.0;1.63;35.4;2.0;12.5;37.5;0.63;-0.1;-1073.0;3.25;0.38;27.8;31.7;2586.0;3.5;1.34;1.49;KR;8.0;0.0%;0.41;1719.0;-351.0;30:09;9.3;22.4;3.1;8.3;37.5;37.5;25.0;0.88;20.8;1.4;37.5;12.5;0.38;-0.3;-1171.0;2.63;0.25;19.0;32.0;2387.0;3.5;1.37;1.26
summer_57;2;KT Rolster;Nongshim RedForce;1;2025-07-24;3;KR;8.0;25.0%;0.79;1771.0;-188.0;32:20;14.4;18.3;3.8;7.5;25.0;25.0;25.0;1.63;35.4;2.0;12.5;37.5;0.63;-0.1;-1073.0;3.25;0.38;27.8;31.7;2586.0;3.5;1.34;1.49;KR;8.0;0.0%;0.41;1719.0;-351.0;30:09;9.3;22.4;3.1;8.3;37.5;37.5;25.0;0.88;20.8;1.4;37.5;12.5;0.38;-0.3;-1171.0;2.63;0.25;19.0;32.0;2387.0;3.5;1.37;1.26
summer_58;1;DN Freecs;BNK FearX;0;2025-07-24;3;KR;9.0;11.1%;0.6;1706.0;-226.0;34:37;10.3;17.3;4.2;8.0;44.4;55.6;44.4;1.78;38.7;1.8;55.6;77.8;0.56;0.1;134.0;4.44;0.11;3.7;31.9;2380.0;3.5;1.39;1.44;KR;9.0;55.6%;0.96;1839.0;-21.0;33:09;16.6;17.3;5.9;5.4;55.6;33.3;33.3;2.67;54.3;1.6;22.2;44.4;0.78;-0.1;-776.0;2.78;0.44;37.5;32.1;2837.0;3.7;1.42;1.67
summer_58;2;DN Freecs;BNK FearX;0;2025-07-24;3;KR;9.0;11.1%;0.6;1706.0;-226.0;34:37;10.3;17.3;4.2;8.0;44.4;55.6;44.4;1.78;38.7;1.8;55.6;77.8;0.56;0.1;134.0;4.44;0.11;3.7;31.9;2380.0;3.5;1.39;1.44;KR;9.0;55.6%;0.96;1839.0;-21.0;33:09;16.6;17.3;5.9;5.4;55.6;33.3;33.3;2.67;54.3;1.6;22.2;44.4;0.78;-0.1;-776.0;2.78;0.44;37.5;32.1;2837.0;3.7;1.42;1.67
summer_59;1;Gen.G eSports;Hanwha Life eSports;1;2025-07-23;3;KR;19.0;73.7%;1.39;1967.0;182.0;31:50;17.2;12.3;7.2;4.2;73.7;52.6;57.9;2.79;62.3;1.7;42.1;52.6;0.89;0.3;854.0;4.53;0.58;57.8;34.5;2844.0;3.6;1.22;1.65;KR;13.0;53.8%;1.06;1890.0;54.0;31:49;16.0;15.1;5.8;5.0;46.2;61.5;53.8;2.46;54.5;0.9;46.2;53.8;1.00;0.2;372.0;3.38;0.77;70.8;33.5;2840.0;3.6;1.34;1.68
summer_59;2;Gen.G eSports;Hanwha Life eSports;1;2025-07-23;3;KR;19.0;73.7%;1.39;1967.0;182.0;31:50;17.2;12.3;7.2;4.2;73.7;52.6;57.9;2.79;62.3;1.7;42.1;52.6;0.89;0.3;854.0;4.53;0.58;57.8;34.5;2844.0;3.6;1.22;1.65;KR;13.0;53.8%;1.06;1890.0;54.0;31:49;16.0;15.1;5.8;5.0;46.2;61.5;53.8;2.46;54.5;0.9;46.2;53.8;1.00;0.2;372.0;3.38;0.77;70.8;33.5;2840.0;3.6;1.34;1.68
summer_60;1;Dplus KIA;OK BRION;1;2025-07-23;3;KR;10.0;70.0%;1.2;1895.0;125.0;36:23;15.3;12.8;7.4;4.9;30.0;60.0;30.0;2.6;50.8;0.5;40.0;20.0;1.00;0.0;553.0;3.50;0.8;70.0;34.4;2740.0;3.3;1.29;1.63;KR;10.0;60.0%;1.35;1883.0;59.0;34:25;17.4;12.9;6.1;6.2;40.0;80.0;70.0;2.9;59.5;1.4;60.0;40.0;1.00;-0.1;-57.0;2.40;0.6;46.3;33.8;2881.0;3.5;1.34;1.68
summer_60;2;Dplus KIA;OK BRION;0;2025-07-23;3;KR;10.0;70.0%;1.2;1895.0;125.0;36:23;15.3;12.8;7.4;4.9;30.0;60.0;30.0;2.6;50.8;0.5;40.0;20.0;1.00;0.0;553.0;3.50;0.8;70.0;34.4;2740.0;3.3;1.29;1.63;KR;10.0;60.0%;1.35;1883.0;59.0;34:25;17.4;12.9;6.1;6.2;40.0;80.0;70.0;2.9;59.5;1.4;60.0;40.0;1.00;-0.1;-57.0;2.40;0.6;46.3;33.8;2881.0;3.5;1.34;1.68
summer_60;3;Dplus KIA;OK BRION;0;2025-07-23;3;KR;10.0;70.0%;1.2;1895.0;125.0;36:23;15.3;12.8;7.4;4.9;30.0;60.0;30.0;2.6;50.8;0.5;40.0;20.0;1.00;0.0;553.0;3.50;0.8;70.0;34.4;2740.0;3.3;1.29;1.63;KR;10.0;60.0%;1.35;1883.0;59.0;34:25;17.4;12.9;6.1;6.2;40.0;80.0;70.0;2.9;59.5;1.4;60.0;40.0;1.00;-0.1;-57.0;2.40;0.6;46.3;33.8;2881.0;3.5;1.34;1.68
summer_61;1;Disguised;Shopify Rebellion;1;2025-08-03;3;;5.0;20.0%;0.61;1701.0;-254.0;34:39;9.4;15.4;4.0;8.2;40.0;20.0;20.0;1.8;33.0;1.2;20.0;60.0;0.40;0.0;-456.0;3.20;0.2;20.0;33.4;2275.0;3.9;1.54;1.54;;5.0;80.0%;1.23;1887.0;137.0;35:21;15.0;12.0;7.0;4.8;80.0;60.0;60.0;2.6;50.7;1.8;60.0;40.0;0.80;0.0;-181.0;2.80;0.8;75.0;34.1;2621.0;3.3;1.17;1.7
summer_61;2;Disguised;Shopify Rebellion;0;2025-08-03;3;;5.0;20.0%;0.61;1701.0;-254.0;34:39;9.4;15.4;4.0;8.2;40.0;20.0;20.0;1.8;33.0;1.2;20.0;60.0;0.40;0.0;-456.0;3.20;0.2;20.0;33.4;2275.0;3.9;1.54;1.54;;5.0;80.0%;1.23;1887.0;137.0;35:21;15.0;12.0;7.0;4.8;80.0;60.0;60.0;2.6;50.7;1.8;60.0;40.0;0.80;0.0;-181.0;2.80;0.8;75.0;34.1;2621.0;3.3;1.17;1.7
summer_61;3;Disguised;Shopify Rebellion;0;2025-08-03;3;;5.0;20.0%;0.61;1701.0;-254.0;34:39;9.4;15.4;4.0;8.2;40.0;20.0;20.0;1.8;33.0;1.2;20.0;60.0;0.40;0.0;-456.0;3.20;0.2;20.0;33.4;2275.0;3.9;1.54;1.54;;5.0;80.0%;1.23;1887.0;137.0;35:21;15.0;12.0;7.0;4.8;80.0;60.0;60.0;2.6;50.7;1.8;60.0;40.0;0.80;0.0;-181.0;2.80;0.8;75.0;34.1;2621.0;3.3;1.17;1.7
summer_62;1;Dignitas;Cloud9;0;2025-08-03;3;;4.0;0.0%;0.57;1732.0;-277.0;32:29;10.8;19.0;3.5;8.8;25.0;50.0;50.0;2.0;49.2;1.5;50.0;-;0.75;-0.3;-359.0;3.00;0.0;0.0;32.4;2198.0;3.3;1.06;1.48;;6.0;66.7%;1.37;1982.0;183.0;33:14;16.7;12.2;8.0;5.3;50.0;50.0;50.0;3.0;62.8;1.0;50.0;66.7;1.17;0.2;290.0;2.33;0.83;66.7;35.8;3090.0;3.3;1.1;1.59
summer_62;2;Dignitas;Cloud9;0;2025-08-03;3;;4.0;0.0%;0.57;1732.0;-277.0;32:29;10.8;19.0;3.5;8.8;25.0;50.0;50.0;2.0;49.2;1.5;50.0;-;0.75;-0.3;-359.0;3.00;0.0;0.0;32.4;2198.0;3.3;1.06;1.48;;6.0;66.7%;1.37;1982.0;183.0;33:14;16.7;12.2;8.0;5.3;50.0;50.0;50.0;3.0;62.8;1.0;50.0;66.7;1.17;0.2;290.0;2.33;0.83;66.7;35.8;3090.0;3.3;1.1;1.59
summer_63;1;LYON;Team Liquid;1;2025-08-02;3;;5.0;40.0%;0.7;1795.0;-153.0;30:00;12.4;17.6;5.2;7.0;60.0;40.0;60.0;2.2;45.0;1.6;40.0;60.0;1.00;0.2;454.0;3.40;0.2;20.0;31.5;2366.0;3.1;1.2;1.29;;5.0;60.0%;1.13;1871.0;82.0;31:33;15.8;14.0;6.8;5.2;20.0;40.0;20.0;1.8;39.0;2.0;40.0;40.0;0.80;-0.2;-811.0;3.00;0.8;80.0;31.8;2785.0;3.3;1.26;1.46
summer_63;2;LYON;Team Liquid;1;2025-08-02;3;;5.0;40.0%;0.7;1795.0;-153.0;30:00;12.4;17.6;5.2;7.0;60.0;40.0;60.0;2.2;45.0;1.6;40.0;60.0;1.00;0.2;454.0;3.40;0.2;20.0;31.5;2366.0;3.1;1.2;1.29;;5.0;60.0%;1.13;1871.0;82.0;31:33;15.8;14.0;6.8;5.2;20.0;40.0;20.0;1.8;39.0;2.0;40.0;40.0;0.80;-0.2;-811.0;3.00;0.8;80.0;31.8;2785.0;3.3;1.26;1.46
summer_63;3;LYON;Team Liquid;0;2025-08-02;3;;5.0;40.0%;0.7;1795.0;-153.0;30:00;12.4;17.6;5.2;7.0;60.0;40.0;60.0;2.2;45.0;1.6;40.0;60.0;1.00;0.2;454.0;3.40;0.2;20.0;31.5;2366.0;3.1;1.2;1.29;;5.0;60.0%;1.13;1871.0;82.0;31:33;15.8;14.0;6.8;5.2;20.0;40.0;20.0;1.8;39.0;2.0;40.0;40.0;0.80;-0.2;-811.0;3.00;0.8;80.0;31.8;2785.0;3.3;1.26;1.46
summer_64;1;100 Thieves;FlyQuest;0;2025-08-02;3;;4.0;0.0%;0.46;1630.0;-371.0;31:38;9.3;20.3;1.8;9.0;75.0;25.0;25.0;2.25;48.8;1.0;25.0;50.0;1.25;-0.5;-800.0;2.25;0.0;0.0;31.0;2355.0;3.2;1.19;1.5;;9.0;66.7%;1.42;1948.0;176.0;31:35;16.6;11.7;7.3;4.0;44.4;66.7;66.7;2.44;54.8;1.2;66.7;66.7;0.89;0.0;387.0;4.33;0.56;57.1;34.6;3043.0;3.4;1.01;1.33
summer_64;2;100 Thieves;FlyQuest;0;2025-08-02;3;;4.0;0.0%;0.46;1630.0;-371.0;31:38;9.3;20.3;1.8;9.0;75.0;25.0;25.0;2.25;48.8;1.0;25.0;50.0;1.25;-0.5;-800.0;2.25;0.0;0.0;31.0;2355.0;3.2;1.19;1.5;;9.0;66.7%;1.42;1948.0;176.0;31:35;16.6;11.7;7.3;4.0;44.4;66.7;66.7;2.44;54.8;1.2;66.7;66.7;0.89;0.0;387.0;4.33;0.56;57.1;34.6;3043.0;3.4;1.01;1.33
summer_65;1;Shopify Rebellion;Dignitas;1;2025-07-27;3;;5.0;80.0%;1.23;1887.0;137.0;35:21;15.0;12.0;7.0;4.8;80.0;60.0;60.0;2.6;50.7;1.8;60.0;40.0;0.80;0.0;-181.0;2.80;0.8;75.0;34.1;2621.0;3.3;1.17;1.7;;4.0;0.0%;0.57;1732.0;-277.0;32:29;10.8;19.0;3.5;8.8;25.0;50.0;50.0;2.0;49.2;1.5;50.0;-;0.75;-0.3;-359.0;3.00;0.0;0.0;32.4;2198.0;3.3;1.06;1.48
summer_65;2;Shopify Rebellion;Dignitas;1;2025-07-27;3;;5.0;80.0%;1.23;1887.0;137.0;35:21;15.0;12.0;7.0;4.8;80.0;60.0;60.0;2.6;50.7;1.8;60.0;40.0;0.80;0.0;-181.0;2.80;0.8;75.0;34.1;2621.0;3.3;1.17;1.7;;4.0;0.0%;0.57;1732.0;-277.0;32:29;10.8;19.0;3.5;8.8;25.0;50.0;50.0;2.0;49.2;1.5;50.0;-;0.75;-0.3;-359.0;3.00;0.0;0.0;32.4;2198.0;3.3;1.06;1.48
summer_66;1;Team Liquid;100 Thieves;1;2025-07-27;3;;5.0;60.0%;1.13;1871.0;82.0;31:33;15.8;14.0;6.8;5.2;20.0;40.0;20.0;1.8;39.0;2.0;40.0;40.0;0.80;-0.2;-811.0;3.00;0.8;80.0;31.8;2785.0;3.3;1.26;1.46;;4.0;0.0%;0.46;1630.0;-371.0;31:38;9.3;20.3;1.8;9.0;75.0;25.0;25.0;2.25;48.8;1.0;25.0;50.0;1.25;-0.5;-800.0;2.25;0.0;0.0;31.0;2355.0;3.2;1.19;1.5
summer_66;2;Team Liquid;100 Thieves;1;2025-07-27;3;;5.0;60.0%;1.13;1871.0;82.0;31:33;15.8;14.0;6.8;5.2;20.0;40.0;20.0;1.8;39.0;2.0;40.0;40.0;0.80;-0.2;-811.0;3.00;0.8;80.0;31.8;2785.0;3.3;1.26;1.46;;4.0;0.0%;0.46;1630.0;-371.0;31:38;9.3;20.3;1.8;9.0;75.0;25.0;25.0;2.25;48.8;1.0;25.0;50.0;1.25;-0.5;-800.0;2.25;0.0;0.0;31.0;2355.0;3.2;1.19;1.5
summer_67;1;Cloud9;LYON;1;2025-07-26;3;;6.0;66.7%;1.37;1982.0;183.0;33:14;16.7;12.2;8.0;5.3;50.0;50.0;50.0;3.0;62.8;1.0;50.0;66.7;1.17;0.2;290.0;2.33;0.83;66.7;35.8;3090.0;3.3;1.1;1.59;;5.0;40.0%;0.7;1795.0;-153.0;30:00;12.4;17.6;5.2;7.0;60.0;40.0;60.0;2.2;45.0;1.6;40.0;60.0;1.00;0.2;454.0;3.40;0.2;20.0;31.5;2366.0;3.1;1.2;1.29
summer_67;2;Cloud9;LYON;1;2025-07-26;3;;6.0;66.7%;1.37;1982.0;183.0;33:14;16.7;12.2;8.0;5.3;50.0;50.0;50.0;3.0;62.8;1.0;50.0;66.7;1.17;0.2;290.0;2.33;0.83;66.7;35.8;3090.0;3.3;1.1;1.59;;5.0;40.0%;0.7;1795.0;-153.0;30:00;12.4;17.6;5.2;7.0;60.0;40.0;60.0;2.2;45.0;1.6;40.0;60.0;1.00;0.2;454.0;3.40;0.2;20.0;31.5;2366.0;3.1;1.2;1.29
summer_68;1;FlyQuest;Disguised;1;2025-07-26;3;;9.0;66.7%;1.42;1948.0;176.0;31:35;16.6;11.7;7.3;4.0;44.4;66.7;66.7;2.44;54.8;1.2;66.7;66.7;0.89;0.0;387.0;4.33;0.56;57.1;34.6;3043.0;3.4;1.01;1.33;;5.0;20.0%;0.61;1701.0;-254.0;34:39;9.4;15.4;4.0;8.2;40.0;20.0;20.0;1.8;33.0;1.2;20.0;60.0;0.40;0.0;-456.0;3.20;0.2;20.0;33.4;2275.0;3.9;1.54;1.54
summer_68;2;FlyQuest;Disguised;1;2025-07-26;3;;9.0;66.7%;1.42;1948.0;176.0;31:35;16.6;11.7;7.3;4.0;44.4;66.7;66.7;2.44;54.8;1.2;66.7;66.7;0.89;0.0;387.0;4.33;0.56;57.1;34.6;3043.0;3.4;1.01;1.33;;5.0;20.0%;0.61;1701.0;-254.0;34:39;9.4;15.4;4.0;8.2;40.0;20.0;20.0;1.8;33.0;1.2;20.0;60.0;0.40;0.0;-456.0;3.20;0.2;20.0;33.4;2275.0;3.9;1.54;1.54
summer_69;1;LOUD;RED Canids;1;2025-08-03;3;;;;;;;;;;;;;;;;;;;;;;;;;;;;;;;;;;;;;;;;;;;;;;;;;;;;;;;;;;;;
summer_69;2;LOUD;RED Canids;0;2025-08-03;3;;;;;;;;;;;;;;;;;;;;;;;;;;;;;;;;;;;;;;;;;;;;;;;;;;;;;;;;;;;;
summer_69;3;LOUD;RED Canids;0;2025-08-03;3;;;;;;;;;;;;;;;;;;;;;;;;;;;;;;;;;;;;;;;;;;;;;;;;;;;;;;;;;;;;
summer_70;1;Leviatan;Vivo Keyd Stars;0;2025-08-03;3;;;;;;;;;;;;;;;;;;;;;;;;;;;;;;;;;;;;;;;;;;;;;;;;;;;;;;;;;;;;
summer_70;2;Leviatan;Vivo Keyd Stars;0;2025-08-03;3;;;;;;;;;;;;;;;;;;;;;;;;;;;;;;;;;;;;;;;;;;;;;;;;;;;;;;;;;;;;
summer_71;1;Fluxo;Isurus;1;2025-08-02;3;;;;;;;;;;;;;;;;;;;;;;;;;;;;;;;;;;;;;;;;;;;;;;;;;;;;;;;;;;;;
summer_71;2;Fluxo;Isurus;0;2025-08-02;3;;;;;;;;;;;;;;;;;;;;;;;;;;;;;;;;;;;;;;;;;;;;;;;;;;;;;;;;;;;;
summer_71;3;Fluxo;Isurus;0;2025-08-02;3;;;;;;;;;;;;;;;;;;;;;;;;;;;;;;;;;;;;;;;;;;;;;;;;;;;;;;;;;;;;
summer_72;1;paiN Gaming;FURIA;1;2025-08-02;3;;;;;;;;;;;;;;;;;;;;;;;;;;;;;;;LAT;3.0;33.3%;0.85;1777.0;-153.0;31:53;13.7;16.0;4.3;7.3;66.7;66.7;66.7;1.67;33.3;1.7;66.7;33.3;0.67;0.0;-677.0;2.67;0.33;100.0;31.8;2652.0;3.5;1.43;1.34
summer_72;2;paiN Gaming;FURIA;1;2025-08-02;3;;;;;;;;;;;;;;;;;;;;;;;;;;;;;;;LAT;3.0;33.3%;0.85;1777.0;-153.0;31:53;13.7;16.0;4.3;7.3;66.7;66.7;66.7;1.67;33.3;1.7;66.7;33.3;0.67;0.0;-677.0;2.67;0.33;100.0;31.8;2652.0;3.5;1.43;1.34
summer_72;3;paiN Gaming;FURIA;0;2025-08-02;3;;;;;;;;;;;;;;;;;;;;;;;;;;;;;;;LAT;3.0;33.3%;0.85;1777.0;-153.0;31:53;13.7;16.0;4.3;7.3;66.7;66.7;66.7;1.67;33.3;1.7;66.7;33.3;0.67;0.0;-677.0;2.67;0.33;100.0;31.8;2652.0;3.5;1.43;1.34
summer_73;1;LOUD;Vivo Keyd Stars;1;2025-07-27;3;;;;;;;;;;;;;;;;;;;;;;;;;;;;;;;;;;;;;;;;;;;;;;;;;;;;;;;;;;;;
summer_73;2;LOUD;Vivo Keyd Stars;0;2025-07-27;3;;;;;;;;;;;;;;;;;;;;;;;;;;;;;;;;;;;;;;;;;;;;;;;;;;;;;;;;;;;;
summer_73;3;LOUD;Vivo Keyd Stars;0;2025-07-27;3;;;;;;;;;;;;;;;;;;;;;;;;;;;;;;;;;;;;;;;;;;;;;;;;;;;;;;;;;;;;
summer_74;1;Isurus;RED Canids;1;2025-07-27;3;;;;;;;;;;;;;;;;;;;;;;;;;;;;;;;;;;;;;;;;;;;;;;;;;;;;;;;;;;;;
summer_74;2;Isurus;RED Canids;0;2025-07-27;3;;;;;;;;;;;;;;;;;;;;;;;;;;;;;;;;;;;;;;;;;;;;;;;;;;;;;;;;;;;;
summer_74;3;Isurus;RED Canids;0;2025-07-27;3;;;;;;;;;;;;;;;;;;;;;;;;;;;;;;;;;;;;;;;;;;;;;;;;;;;;;;;;;;;;
summer_75;1;paiN Gaming;Leviatan;1;2025-07-26;3;;;;;;;;;;;;;;;;;;;;;;;;;;;;;;;;;;;;;;;;;;;;;;;;;;;;;;;;;;;;
summer_75;2;paiN Gaming;Leviatan;1;2025-07-26;3;;;;;;;;;;;;;;;;;;;;;;;;;;;;;;;;;;;;;;;;;;;;;;;;;;;;;;;;;;;;
summer_76;1;FURIA;Fluxo;1;2025-07-26;3;LAT;3.0;33.3%;0.85;1777.0;-153.0;31:53;13.7;16.0;4.3;7.3;66.7;66.7;66.7;1.67;33.3;1.7;66.7;33.3;0.67;0.0;-677.0;2.67;0.33;100.0;31.8;2652.0;3.5;1.43;1.34;;;;;;;;;;;;;;;;;;;;;;;;;;;;;;
summer_76;2;FURIA;Fluxo;1;2025-07-26;3;LAT;3.0;33.3%;0.85;1777.0;-153.0;31:53;13.7;16.0;4.3;7.3;66.7;66.7;66.7;1.67;33.3;1.7;66.7;33.3;0.67;0.0;-677.0;2.67;0.33;100.0;31.8;2652.0;3.5;1.43;1.34;;;;;;;;;;;;;;;;;;;;;;;;;;;;;;
summer_77;1;Team Secret Whales;GAM Esports;1;2025-08-03;3;VN;4.0;100.0%;1.94;1938.0;214.0;37:13;15.5;8.0;9.3;4.3;25.0;25.0;-;3.0;60.8;1.0;25.0;50.0;1.25;-0.3;-950.0;2.25;0.75;58.3;34.4;2296.0;4.2;1.5;1.5;VN;7.0;14.3%;0.63;1760.0;-224.0;32:38;10.4;16.6;4.3;7.6;85.7;57.1;71.4;1.71;33.3;1.7;42.9;42.9;0.71;-0.1;215.0;2.57;0.29;21.4;34.4;2331.0;3.5;1.36;1.52
summer_77;2;Team Secret Whales;GAM Esports;1;2025-08-03;3;VN;4.0;100.0%;1.94;1938.0;214.0;37:13;15.5;8.0;9.3;4.3;25.0;25.0;-;3.0;60.8;1.0;25.0;50.0;1.25;-0.3;-950.0;2.25;0.75;58.3;34.4;2296.0;4.2;1.5;1.5;VN;7.0;14.3%;0.63;1760.0;-224.0;32:38;10.4;16.6;4.3;7.6;85.7;57.1;71.4;1.71;33.3;1.7;42.9;42.9;0.71;-0.1;215.0;2.57;0.29;21.4;34.4;2331.0;3.5;1.36;1.52
summer_78;1;MGN Vikings Esports;Fukuoka SoftBank HAWKS gaming;1;2025-08-03;3;VN;4.0;100.0%;1.93;2007.0;353.0;34:42;20.3;10.5;9.3;3.5;75.0;50.0;50.0;2.75;59.2;2.5;100.0;50.0;0.25;0.0;1984.0;3.50;1.0;83.3;34.2;3267.0;3.8;1.15;1.49;JP;5.0;40.0%;0.62;1781.0;-92.0;32:17;11.2;18.0;5.2;6.4;20.0;60.0;60.0;1.8;41.3;1.6;40.0;60.0;0.80;-0.2;-1072.0;3.00;0.4;33.3;33.0;2519.0;3.1;0.99;1.33
summer_78;2;MGN Vikings Esports;Fukuoka SoftBank HAWKS gaming;1;2025-08-03;3;VN;4.0;100.0%;1.93;2007.0;353.0;34:42;20.3;10.5;9.3;3.5;75.0;50.0;50.0;2.75;59.2;2.5;100.0;50.0;0.25;0.0;1984.0;3.50;1.0;83.3;34.2;3267.0;3.8;1.15;1.49;JP;5.0;40.0%;0.62;1781.0;-92.0;32:17;11.2;18.0;5.2;6.4;20.0;60.0;60.0;1.8;41.3;1.6;40.0;60.0;0.80;-0.2;-1072.0;3.00;0.4;33.3;33.0;2519.0;3.1;0.99;1.33
summer_79;1;PSG Talon;CTBC Flying Oyster;0;2025-08-02;3;TW;4.0;0.0%;0.49;1726.0;-246.0;35:10;7.8;15.8;4.5;8.8;50.0;50.0;50.0;2.0;34.2;1.8;75.0;25.0;0.25;0.3;33.0;2.25;0.75;41.7;33.3;2321.0;3.5;1.36;1.59;TW;8.0;62.5%;1.23;1919.0;70.0;31:57;15.6;12.8;5.8;5.9;50.0;37.5;50.0;3.13;67.1;1.1;50.0;62.5;1.50;0.0;499.0;3.63;0.63;56.3;34.9;2482.0;3.8;1.53;1.62
summer_79;2;PSG Talon;CTBC Flying Oyster;0;2025-08-02;3;TW;4.0;0.0%;0.49;1726.0;-246.0;35:10;7.8;15.8;4.5;8.8;50.0;50.0;50.0;2.0;34.2;1.8;75.0;25.0;0.25;0.3;33.0;2.25;0.75;41.7;33.3;2321.0;3.5;1.36;1.59;TW;8.0;62.5%;1.23;1919.0;70.0;31:57;15.6;12.8;5.8;5.9;50.0;37.5;50.0;3.13;67.1;1.1;50.0;62.5;1.50;0.0;499.0;3.63;0.63;56.3;34.9;2482.0;3.8;1.53;1.62
summer_80;1;DetonatioN FocusMe;Chiefs Esports Club;1;2025-08-02;3;JP;5.0;40.0%;1.02;1750.0;-84.0;31:55;11.2;11.0;4.8;6.6;60.0;20.0;40.0;2.6;56.0;1.2;25.0;60.0;1.00;-0.2;-1127.0;1.80;0.4;50.0;32.6;2263.0;3.1;1.41;1.67;OCE;6.0;33.3%;0.91;1751.0;-89.0;30:22;10.7;11.7;4.7;6.0;50.0;66.7;50.0;2.0;46.1;1.0;40.0;33.3;0.83;0.3;510.0;2.83;0.33;37.5;33.2;2165.0;3.4;1.11;1.24
summer_80;2;DetonatioN FocusMe;Chiefs Esports Club;1;2025-08-02;3;JP;5.0;40.0%;1.02;1750.0;-84.0;31:55;11.2;11.0;4.8;6.6;60.0;20.0;40.0;2.6;56.0;1.2;25.0;60.0;1.00;-0.2;-1127.0;1.80;0.4;50.0;32.6;2263.0;3.1;1.41;1.67;OCE;6.0;33.3%;0.91;1751.0;-89.0;30:22;10.7;11.7;4.7;6.0;50.0;66.7;50.0;2.0;46.1;1.0;40.0;33.3;0.83;0.3;510.0;2.83;0.33;37.5;33.2;2165.0;3.4;1.11;1.24
summer_80;3;DetonatioN FocusMe;Chiefs Esports Club;0;2025-08-02;3;JP;5.0;40.0%;1.02;1750.0;-84.0;31:55;11.2;11.0;4.8;6.6;60.0;20.0;40.0;2.6;56.0;1.2;25.0;60.0;1.00;-0.2;-1127.0;1.80;0.4;50.0;32.6;2263.0;3.1;1.41;1.67;OCE;6.0;33.3%;0.91;1751.0;-89.0;30:22;10.7;11.7;4.7;6.0;50.0;66.7;50.0;2.0;46.1;1.0;40.0;33.3;0.83;0.3;510.0;2.83;0.33;37.5;33.2;2165.0;3.4;1.11;1.24
summer_81;1;GAM Esports;CTBC Flying Oyster;1;2025-07-27;3;VN;7.0;14.3%;0.63;1760.0;-224.0;32:38;10.4;16.6;4.3;7.6;85.7;57.1;71.4;1.71;33.3;1.7;42.9;42.9;0.71;-0.1;215.0;2.57;0.29;21.4;34.4;2331.0;3.5;1.36;1.52;TW;8.0;62.5%;1.23;1919.0;70.0;31:57;15.6;12.8;5.8;5.9;50.0;37.5;50.0;3.13;67.1;1.1;50.0;62.5;1.50;0.0;499.0;3.63;0.63;56.3;34.9;2482.0;3.8;1.53;1.62
summer_81;2;GAM Esports;CTBC Flying Oyster;0;2025-07-27;3;VN;7.0;14.3%;0.63;1760.0;-224.0;32:38;10.4;16.6;4.3;7.6;85.7;57.1;71.4;1.71;33.3;1.7;42.9;42.9;0.71;-0.1;215.0;2.57;0.29;21.4;34.4;2331.0;3.5;1.36;1.52;TW;8.0;62.5%;1.23;1919.0;70.0;31:57;15.6;12.8;5.8;5.9;50.0;37.5;50.0;3.13;67.1;1.1;50.0;62.5;1.50;0.0;499.0;3.63;0.63;56.3;34.9;2482.0;3.8;1.53;1.62
summer_81;3;GAM Esports;CTBC Flying Oyster;0;2025-07-27;3;VN;7.0;14.3%;0.63;1760.0;-224.0;32:38;10.4;16.6;4.3;7.6;85.7;57.1;71.4;1.71;33.3;1.7;42.9;42.9;0.71;-0.1;215.0;2.57;0.29;21.4;34.4;2331.0;3.5;1.36;1.52;TW;8.0;62.5%;1.23;1919.0;70.0;31:57;15.6;12.8;5.8;5.9;50.0;37.5;50.0;3.13;67.1;1.1;50.0;62.5;1.50;0.0;499.0;3.63;0.63;56.3;34.9;2482.0;3.8;1.53;1.62
summer_82;1;Fukuoka SoftBank HAWKS gaming;Chiefs Esports Club;1;2025-07-27;3;JP;5.0;40.0%;0.62;1781.0;-92.0;32:17;11.2;18.0;5.2;6.4;20.0;60.0;60.0;1.8;41.3;1.6;40.0;60.0;0.80;-0.2;-1072.0;3.00;0.4;33.3;33.0;2519.0;3.1;0.99;1.33;OCE;6.0;33.3%;0.91;1751.0;-89.0;30:22;10.7;11.7;4.7;6.0;50.0;66.7;50.0;2.0;46.1;1.0;40.0;33.3;0.83;0.3;510.0;2.83;0.33;37.5;33.2;2165.0;3.4;1.11;1.24
summer_82;2;Fukuoka SoftBank HAWKS gaming;Chiefs Esports Club;1;2025-07-27;3;JP;5.0;40.0%;0.62;1781.0;-92.0;32:17;11.2;18.0;5.2;6.4;20.0;60.0;60.0;1.8;41.3;1.6;40.0;60.0;0.80;-0.2;-1072.0;3.00;0.4;33.3;33.0;2519.0;3.1;0.99;1.33;OCE;6.0;33.3%;0.91;1751.0;-89.0;30:22;10.7;11.7;4.7;6.0;50.0;66.7;50.0;2.0;46.1;1.0;40.0;33.3;0.83;0.3;510.0;2.83;0.33;37.5;33.2;2165.0;3.4;1.11;1.24
summer_82;3;Fukuoka SoftBank HAWKS gaming;Chiefs Esports Club;0;2025-07-27;3;JP;5.0;40.0%;0.62;1781.0;-92.0;32:17;11.2;18.0;5.2;6.4;20.0;60.0;60.0;1.8;41.3;1.6;40.0;60.0;0.80;-0.2;-1072.0;3.00;0.4;33.3;33.0;2519.0;3.1;0.99;1.33;OCE;6.0;33.3%;0.91;1751.0;-89.0;30:22;10.7;11.7;4.7;6.0;50.0;66.7;50.0;2.0;46.1;1.0;40.0;33.3;0.83;0.3;510.0;2.83;0.33;37.5;33.2;2165.0;3.4;1.11;1.24
summer_83;1;PSG Talon;Team Secret Whales;0;2025-07-26;3;TW;4.0;0.0%;0.49;1726.0;-246.0;35:10;7.8;15.8;4.5;8.8;50.0;50.0;50.0;2.0;34.2;1.8;75.0;25.0;0.25;0.3;33.0;2.25;0.75;41.7;33.3;2321.0;3.5;1.36;1.59;VN;4.0;100.0%;1.94;1938.0;214.0;37:13;15.5;8.0;9.3;4.3;25.0;25.0;-;3.0;60.8;1.0;25.0;50.0;1.25;-0.3;-950.0;2.25;0.75;58.3;34.4;2296.0;4.2;1.5;1.5
summer_83;2;PSG Talon;Team Secret Whales;0;2025-07-26;3;TW;4.0;0.0%;0.49;1726.0;-246.0;35:10;7.8;15.8;4.5;8.8;50.0;50.0;50.0;2.0;34.2;1.8;75.0;25.0;0.25;0.3;33.0;2.25;0.75;41.7;33.3;2321.0;3.5;1.36;1.59;VN;4.0;100.0%;1.94;1938.0;214.0;37:13;15.5;8.0;9.3;4.3;25.0;25.0;-;3.0;60.8;1.0;25.0;50.0;1.25;-0.3;-950.0;2.25;0.75;58.3;34.4;2296.0;4.2;1.5;1.5
summer_84;1;MGN Vikings Esports;DetonatioN FocusMe;1;2025-07-26;3;VN;4.0;100.0%;1.93;2007.0;353.0;34:42;20.3;10.5;9.3;3.5;75.0;50.0;50.0;2.75;59.2;2.5;100.0;50.0;0.25;0.0;1984.0;3.50;1.0;83.3;34.2;3267.0;3.8;1.15;1.49;JP;5.0;40.0%;1.02;1750.0;-84.0;31:55;11.2;11.0;4.8;6.6;60.0;20.0;40.0;2.6;56.0;1.2;25.0;60.0;1.00;-0.2;-1127.0;1.80;0.4;50.0;32.6;2263.0;3.1;1.41;1.67
summer_84;2;MGN Vikings Esports;DetonatioN FocusMe;1;2025-07-26;3;VN;4.0;100.0%;1.93;2007.0;353.0;34:42;20.3;10.5;9.3;3.5;75.0;50.0;50.0;2.75;59.2;2.5;100.0;50.0;0.25;0.0;1984.0;3.50;1.0;83.3;34.2;3267.0;3.8;1.15;1.49;JP;5.0;40.0%;1.02;1750.0;-84.0;31:55;11.2;11.0;4.8;6.6;60.0;20.0;40.0;2.6;56.0;1.2;25.0;60.0;1.00;-0.2;-1127.0;1.80;0.4;50.0;32.6;2263.0;3.1;1.41;1.67
summer_85;1;Besiktas Esports;Papara SuperMassive;1;2025-08-01;3;;;;;;;;;;;;;;;;;;;;;;;;;;;;;;;;;;;;;;;;;;;;;;;;;;;;;;;;;;;;
summer_86;1;BoostGate Esports;Bushido Wildcats;0;2025-08-01;3;;;;;;;;;;;;;;;;;;;;;;;;;;;;;;;;;;;;;;;;;;;;;;;;;;;;;;;;;;;;
summer_87;1;Misa Esports;BBL Dark Passage;1;2025-08-01;3;;;;;;;;;;;;;;;;;;;;;;;;;;;;;;;;;;;;;;;;;;;;;;;;;;;;;;;;;;;;
summer_88;1;The Forbidden Five;ULF Esports;0;2025-08-01;3;;;;;;;;;;;;;;;;;;;;;;;;;;;;;;;;;;;;;;;;;;;;;;;;;;;;;;;;;;;;
summer_89;1;Besiktas Esports;ULF Esports;0;2025-07-31;3;;;;;;;;;;;;;;;;;;;;;;;;;;;;;;;;;;;;;;;;;;;;;;;;;;;;;;;;;;;;
summer_90;1;The Forbidden Five;Misa Esports;0;2025-07-31;3;;;;;;;;;;;;;;;;;;;;;;;;;;;;;;;;;;;;;;;;;;;;;;;;;;;;;;;;;;;;
summer_91;1;Bushido Wildcats;BBL Dark Passage;1;2025-07-31;3;;;;;;;;;;;;;;;;;;;;;;;;;;;;;;;;;;;;;;;;;;;;;;;;;;;;;;;;;;;;
summer_92;1;Papara SuperMassive;BoostGate Esports;1;2025-07-31;3;;;;;;;;;;;;;;;;;;;;;;;;;;;;;;;;;;;;;;;;;;;;;;;;;;;;;;;;;;;;
summer_93;1;Misa Esports;Bushido Wildcats;0;2025-07-25;3;;;;;;;;;;;;;;;;;;;;;;;;;;;;;;;;;;;;;;;;;;;;;;;;;;;;;;;;;;;;
summer_94;1;BoostGate Esports;ULF Esports;0;2025-07-25;3;;;;;;;;;;;;;;;;;;;;;;;;;;;;;;;;;;;;;;;;;;;;;;;;;;;;;;;;;;;;
summer_95;1;BBL Dark Passage;Papara SuperMassive;1;2025-07-25;3;;;;;;;;;;;;;;;;;;;;;;;;;;;;;;;;;;;;;;;;;;;;;;;;;;;;;;;;;;;;
summer_96;1;Besiktas Esports;The Forbidden Five;1;2025-07-25;3;;;;;;;;;;;;;;;;;;;;;;;;;;;;;;;;;;;;;;;;;;;;;;;;;;;;;;;;;;;;
summer_97;1;Papara SuperMassive;Bushido Wildcats;1;2025-07-24;3;;;;;;;;;;;;;;;;;;;;;;;;;;;;;;;;;;;;;;;;;;;;;;;;;;;;;;;;;;;;
summer_98;1;BoostGate Esports;The Forbidden Five;1;2025-07-24;3;;;;;;;;;;;;;;;;;;;;;;;;;;;;;;;;;;;;;;;;;;;;;;;;;;;;;;;;;;;;
summer_99;1;ULF Esports;BBL Dark Passage;1;2025-07-24;3;;;;;;;;;;;;;;;;;;;;;;;;;;;;;;;;;;;;;;;;;;;;;;;;;;;;;;;;;;;;
summer_100;1;Misa Esports;Besiktas Esports;1;2025-07-24;3;;;;;;;;;;;;;;;;;;;;;;;;;;;;;;;;;;;;;;;;;;;;;;;;;;;;;;;;;;;;
summer_101;1;Besiktas Esports;BoostGate Esports;1;2025-07-18;3;;;;;;;;;;;;;;;;;;;;;;;;;;;;;;;;;;;;;;;;;;;;;;;;;;;;;;;;;;;;
summer_102;1;The Forbidden Five;BBL Dark Passage;0;2025-07-18;3;;;;;;;;;;;;;;;;;;;;;;;;;;;;;;;;;;;;;;;;;;;;;;;;;;;;;;;;;;;;
summer_103;1;ULF Esports;Bushido Wildcats;0;2025-07-18;3;;;;;;;;;;;;;;;;;;;;;;;;;;;;;;;;;;;;;;;;;;;;;;;;;;;;;;;;;;;;
summer_104;1;Misa Esports;Papara SuperMassive;0;2025-07-18;3;;;;;;;;;;;;;;;;;;;;;;;;;;;;;;;;;;;;;;;;;;;;;;;;;;;;;;;;;;;;
summer_105;1;ULF Esports;Papara SuperMassive;0;2025-07-17;3;;;;;;;;;;;;;;;;;;;;;;;;;;;;;;;;;;;;;;;;;;;;;;;;;;;;;;;;;;;;
summer_106;1;Bushido Wildcats;The Forbidden Five;1;2025-07-17;3;;;;;;;;;;;;;;;;;;;;;;;;;;;;;;;;;;;;;;;;;;;;;;;;;;;;;;;;;;;;
summer_107;1;Besiktas Esports;BBL Dark Passage;0;2025-07-17;3;;;;;;;;;;;;;;;;;;;;;;;;;;;;;;;;;;;;;;;;;;;;;;;;;;;;;;;;;;;;
summer_108;1;Misa Esports;BoostGate Esports;1;2025-07-17;3;;;;;;;;;;;;;;;;;;;;;;;;;;;;;;;;;;;;;;;;;;;;;;;;;;;;;;;;;;;;
summer_109;1;Gentle Mates;Galions;0;2025-08-01;3;;;;;;;;;;;;;;;;;;;;;;;;;;;;;;;;;;;;;;;;;;;;;;;;;;;;;;;;;;;;
summer_109;2;Gentle Mates;Galions;0;2025-08-01;3;;;;;;;;;;;;;;;;;;;;;;;;;;;;;;;;;;;;;;;;;;;;;;;;;;;;;;;;;;;;
summer_110;1;BK ROG Esports;Solary;0;2025-08-01;3;;;;;;;;;;;;;;;;;;;;;;;;;;;;;;;;;;;;;;;;;;;;;;;;;;;;;;;;;;;;
summer_110;2;BK ROG Esports;Solary;0;2025-08-01;3;;;;;;;;;;;;;;;;;;;;;;;;;;;;;;;;;;;;;;;;;;;;;;;;;;;;;;;;;;;;
summer_111;1;Galions;Team BDS Academy;1;2025-07-31;3;;;;;;;;;;;;;;;;;;;;;;;;;;;;;;;;;;;;;;;;;;;;;;;;;;;;;;;;;;;;
summer_111;2;Galions;Team BDS Academy;1;2025-07-31;3;;;;;;;;;;;;;;;;;;;;;;;;;;;;;;;;;;;;;;;;;;;;;;;;;;;;;;;;;;;;
summer_112;1;Joblife;Solary;0;2025-07-31;3;;;;;;;;;;;;;;;;;;;;;;;;;;;;;;;;;;;;;;;;;;;;;;;;;;;;;;;;;;;;
summer_112;2;Joblife;Solary;0;2025-07-31;3;;;;;;;;;;;;;;;;;;;;;;;;;;;;;;;;;;;;;;;;;;;;;;;;;;;;;;;;;;;;
summer_113;1;BK ROG Esports;GameWard;1;2025-07-31;3;;;;;;;;;;;;;;;;;;;;;;;;;;;;;;;;;;;;;;;;;;;;;;;;;;;;;;;;;;;;
summer_113;2;BK ROG Esports;GameWard;1;2025-07-31;3;;;;;;;;;;;;;;;;;;;;;;;;;;;;;;;;;;;;;;;;;;;;;;;;;;;;;;;;;;;;
summer_113;3;BK ROG Esports;GameWard;0;2025-07-31;3;;;;;;;;;;;;;;;;;;;;;;;;;;;;;;;;;;;;;;;;;;;;;;;;;;;;;;;;;;;;
summer_114;1;Vitality.Bee;Ici Japon Corp. Esport;1;2025-07-31;3;;;;;;;;;;;;;;;;;;;;;;;;;;;;;;;;;;;;;;;;;;;;;;;;;;;;;;;;;;;;
summer_114;2;Vitality.Bee;Ici Japon Corp. Esport;1;2025-07-31;3;;;;;;;;;;;;;;;;;;;;;;;;;;;;;;;;;;;;;;;;;;;;;;;;;;;;;;;;;;;;
summer_114;3;Vitality.Bee;Ici Japon Corp. Esport;0;2025-07-31;3;;;;;;;;;;;;;;;;;;;;;;;;;;;;;;;;;;;;;;;;;;;;;;;;;;;;;;;;;;;;
summer_115;1;Ici Japon Corp. Esport;Karmine Corp Blue;0;2025-07-30;3;;;;;;;;;;;;;;;;;;;;;;;;;;;;;;;;;;;;;;;;;;;;;;;;;;;;;;;;;;;;
summer_115;2;Ici Japon Corp. Esport;Karmine Corp Blue;0;2025-07-30;3;;;;;;;;;;;;;;;;;;;;;;;;;;;;;;;;;;;;;;;;;;;;;;;;;;;;;;;;;;;;
summer_116;1;Gentle Mates;Vitality.Bee;1;2025-07-30;3;;;;;;;;;;;;;;;;;;;;;;;;;;;;;;;;;;;;;;;;;;;;;;;;;;;;;;;;;;;;
summer_116;2;Gentle Mates;Vitality.Bee;1;2025-07-30;3;;;;;;;;;;;;;;;;;;;;;;;;;;;;;;;;;;;;;;;;;;;;;;;;;;;;;;;;;;;;
summer_116;3;Gentle Mates;Vitality.Bee;0;2025-07-30;3;;;;;;;;;;;;;;;;;;;;;;;;;;;;;;;;;;;;;;;;;;;;;;;;;;;;;;;;;;;;
summer_117;1;Vitality.Bee;Solary;1;2025-07-25;3;;;;;;;;;;;;;;;;;;;;;;;;;;;;;;;;;;;;;;;;;;;;;;;;;;;;;;;;;;;;
summer_117;2;Vitality.Bee;Solary;1;2025-07-25;3;;;;;;;;;;;;;;;;;;;;;;;;;;;;;;;;;;;;;;;;;;;;;;;;;;;;;;;;;;;;
summer_118;1;Gentle Mates;GameWard;1;2025-07-25;3;;;;;;;;;;;;;;;;;;;;;;;;;;;;;;;;;;;;;;;;;;;;;;;;;;;;;;;;;;;;
summer_118;2;Gentle Mates;GameWard;1;2025-07-25;3;;;;;;;;;;;;;;;;;;;;;;;;;;;;;;;;;;;;;;;;;;;;;;;;;;;;;;;;;;;;
summer_118;3;Gentle Mates;GameWard;0;2025-07-25;3;;;;;;;;;;;;;;;;;;;;;;;;;;;;;;;;;;;;;;;;;;;;;;;;;;;;;;;;;;;;
summer_119;1;Ici Japon Corp. Esport;Galions;0;2025-07-24;3;;;;;;;;;;;;;;;;;;;;;;;;;;;;;;;;;;;;;;;;;;;;;;;;;;;;;;;;;;;;
summer_119;2;Ici Japon Corp. Esport;Galions;0;2025-07-24;3;;;;;;;;;;;;;;;;;;;;;;;;;;;;;;;;;;;;;;;;;;;;;;;;;;;;;;;;;;;;
summer_120;1;Karmine Corp Blue;Solary;1;2025-07-24;3;;;;;;;;;;;;;;;;;;;;;;;;;;;;;;;;;;;;;;;;;;;;;;;;;;;;;;;;;;;;
summer_120;2;Karmine Corp Blue;Solary;0;2025-07-24;3;;;;;;;;;;;;;;;;;;;;;;;;;;;;;;;;;;;;;;;;;;;;;;;;;;;;;;;;;;;;
summer_120;3;Karmine Corp Blue;Solary;0;2025-07-24;3;;;;;;;;;;;;;;;;;;;;;;;;;;;;;;;;;;;;;;;;;;;;;;;;;;;;;;;;;;;;
summer_121;1;GameWard;Team BDS Academy;0;2025-07-24;3;;;;;;;;;;;;;;;;;;;;;;;;;;;;;;;;;;;;;;;;;;;;;;;;;;;;;;;;;;;;
summer_121;2;GameWard;Team BDS Academy;0;2025-07-24;3;;;;;;;;;;;;;;;;;;;;;;;;;;;;;;;;;;;;;;;;;;;;;;;;;;;;;;;;;;;;
summer_122;1;BK ROG Esports;Joblife;1;2025-07-24;3;;;;;;;;;;;;;;;;;;;;;;;;;;;;;;;;;;;;;;;;;;;;;;;;;;;;;;;;;;;;
summer_122;2;BK ROG Esports;Joblife;0;2025-07-24;3;;;;;;;;;;;;;;;;;;;;;;;;;;;;;;;;;;;;;;;;;;;;;;;;;;;;;;;;;;;;
summer_122;3;BK ROG Esports;Joblife;0;2025-07-24;3;;;;;;;;;;;;;;;;;;;;;;;;;;;;;;;;;;;;;;;;;;;;;;;;;;;;;;;;;;;;
summer_123;1;Karmine Corp Blue;Joblife;1;2025-07-23;3;;;;;;;;;;;;;;;;;;;;;;;;;;;;;;;;;;;;;;;;;;;;;;;;;;;;;;;;;;;;
summer_123;2;Karmine Corp Blue;Joblife;1;2025-07-23;3;;;;;;;;;;;;;;;;;;;;;;;;;;;;;;;;;;;;;;;;;;;;;;;;;;;;;;;;;;;;
summer_123;3;Karmine Corp Blue;Joblife;0;2025-07-23;3;;;;;;;;;;;;;;;;;;;;;;;;;;;;;;;;;;;;;;;;;;;;;;;;;;;;;;;;;;;;
summer_124;1;Team BDS Academy;BK ROG Esports;1;2025-07-23;3;;;;;;;;;;;;;;;;;;;;;;;;;;;;;;;;;;;;;;;;;;;;;;;;;;;;;;;;;;;;
summer_124;2;Team BDS Academy;BK ROG Esports;0;2025-07-23;3;;;;;;;;;;;;;;;;;;;;;;;;;;;;;;;;;;;;;;;;;;;;;;;;;;;;;;;;;;;;
summer_124;3;Team BDS Academy;BK ROG Esports;0;2025-07-23;3;;;;;;;;;;;;;;;;;;;;;;;;;;;;;;;;;;;;;;;;;;;;;;;;;;;;;;;;;;;;
summer_125;1;UCAM Esports;LUA Gaming;1;2025-07-31;3;;;;;;;;;;;;;;;;;;;;;;;;;;;;;;;;;;;;;;;;;;;;;;;;;;;;;;;;;;;;
summer_126;1;Los Heretics;Ramboot Club;1;2025-07-31;3;;;;;;;;;;;;;;;;;;;;;;;;;;;;;;;;;;;;;;;;;;;;;;;;;;;;;;;;;;;;
summer_127;1;Movistar KOI Fnix;Guasones;1;2025-07-31;3;;;;;;;;;;;;;;;;;;;;;;;;;;;;;;;;;;;;;;;;;;;;;;;;;;;;;;;;;;;;
summer_128;1;ZETA;GIANTX Pride;1;2025-07-31;3;;;;;;;;;;;;;;;;;;;;;;;;;;;;;;;;;;;;;;;;;;;;;;;;;;;;;;;;;;;;
summer_129;1;Bara eSports;Veni Vidi Vici;0;2025-07-31;3;;;;;;;;;;;;;;;;;;;;;;;;;;;;;;;;;;;;;;;;;;;;;;;;;;;;;;;;;;;;
summer_130;1;Veni Vidi Vici;ZETA;1;2025-07-30;3;;;;;;;;;;;;;;;;;;;;;;;;;;;;;;;;;;;;;;;;;;;;;;;;;;;;;;;;;;;;
summer_131;1;GIANTX Pride;Movistar KOI Fnix;1;2025-07-30;3;;;;;;;;;;;;;;;;;;;;;;;;;;;;;;;;;;;;;;;;;;;;;;;;;;;;;;;;;;;;
summer_132;1;LUA Gaming;Bara eSports;1;2025-07-30;3;;;;;;;;;;;;;;;;;;;;;;;;;;;;;;;;;;;;;;;;;;;;;;;;;;;;;;;;;;;;
summer_133;1;Ramboot Club;UCAM Esports;1;2025-07-30;3;;;;;;;;;;;;;;;;;;;;;;;;;;;;;;;;;;;;;;;;;;;;;;;;;;;;;;;;;;;;
summer_134;1;Los Heretics;Guasones;1;2025-07-30;3;;;;;;;;;;;;;;;;;;;;;;;;;;;;;;;;;;;;;;;;;;;;;;;;;;;;;;;;;;;;
summer_135;1;UCAM Esports;Los Heretics;1;2025-07-29;3;;;;;;;;;;;;;;;;;;;;;;;;;;;;;;;;;;;;;;;;;;;;;;;;;;;;;;;;;;;;
summer_136;1;Bara eSports;Ramboot Club;1;2025-07-29;3;;;;;;;;;;;;;;;;;;;;;;;;;;;;;;;;;;;;;;;;;;;;;;;;;;;;;;;;;;;;
summer_137;1;ZETA;LUA Gaming;0;2025-07-29;3;;;;;;;;;;;;;;;;;;;;;;;;;;;;;;;;;;;;;;;;;;;;;;;;;;;;;;;;;;;;
summer_138;1;Movistar KOI Fnix;Veni Vidi Vici;0;2025-07-29;3;;;;;;;;;;;;;;;;;;;;;;;;;;;;;;;;;;;;;;;;;;;;;;;;;;;;;;;;;;;;
summer_139;1;GIANTX Pride;Guasones;1;2025-07-29;3;;;;;;;;;;;;;;;;;;;;;;;;;;;;;;;;;;;;;;;;;;;;;;;;;;;;;;;;;;;;
summer_140;1;Veni Vidi Vici;GIANTX Pride;0;2025-07-24;3;;;;;;;;;;;;;;;;;;;;;;;;;;;;;;;;;;;;;;;;;;;;;;;;;;;;;;;;;;;;
summer_141;1;LUA Gaming;Movistar KOI Fnix;1;2025-07-24;3;;;;;;;;;;;;;;;;;;;;;;;;;;;;;;;;;;;;;;;;;;;;;;;;;;;;;;;;;;;;
summer_142;1;Ramboot Club;ZETA;1;2025-07-24;3;;;;;;;;;;;;;;;;;;;;;;;;;;;;;;;;;;;;;;;;;;;;;;;;;;;;;;;;;;;;
summer_143;1;Los Heretics;Bara eSports;1;2025-07-24;3;;;;;;;;;;;;;;;;;;;;;;;;;;;;;;;;;;;;;;;;;;;;;;;;;;;;;;;;;;;;
summer_144;1;Guasones;UCAM Esports;0;2025-07-24;3;;;;;;;;;;;;;;;;;;;;;;;;;;;;;;;;;;;;;;;;;;;;;;;;;;;;;;;;;;;;
summer_145;1;Bara eSports;UCAM Esports;0;2025-07-23;3;;;;;;;;;;;;;;;;;;;;;;;;;;;;;;;;;;;;;;;;;;;;;;;;;;;;;;;;;;;;
summer_146;1;ZETA;Los Heretics;0;2025-07-23;3;;;;;;;;;;;;;;;;;;;;;;;;;;;;;;;;;;;;;;;;;;;;;;;;;;;;;;;;;;;;
summer_147;1;Movistar KOI Fnix;Ramboot Club;1;2025-07-23;3;;;;;;;;;;;;;;;;;;;;;;;;;;;;;;;;;;;;;;;;;;;;;;;;;;;;;;;;;;;;
summer_148;1;GIANTX Pride;LUA Gaming;1;2025-07-23;3;;;;;;;;;;;;;;;;;;;;;;;;;;;;;;;;;;;;;;;;;;;;;;;;;;;;;;;;;;;;
summer_149;1;Veni Vidi Vici;Guasones;1;2025-07-23;3;;;;;;;;;;;;;;;;;;;;;;;;;;;;;;;;;;;;;;;;;;;;;;;;;;;;;;;;;;;;
summer_150;1;Guasones;Bara eSports;1;2025-07-22;3;;;;;;;;;;;;;;;;;;;;;;;;;;;;;;;;;;;;;;;;;;;;;;;;;;;;;;;;;;;;
summer_151;1;LUA Gaming;Veni Vidi Vici;1;2025-07-22;3;;;;;;;;;;;;;;;;;;;;;;;;;;;;;;;;;;;;;;;;;;;;;;;;;;;;;;;;;;;;
summer_152;1;Los Heretics;Movistar KOI Fnix;1;2025-07-22;3;;;;;;;;;;;;;;;;;;;;;;;;;;;;;;;;;;;;;;;;;;;;;;;;;;;;;;;;;;;;
summer_153;1;UCAM Esports;ZETA;1;2025-07-22;3;;;;;;;;;;;;;;;;;;;;;;;;;;;;;;;;;;;;;;;;;;;;;;;;;;;;;;;;;;;;
summer_154;1;Ramboot Club;GIANTX Pride;1;2025-07-22;3;;;;;;;;;;;;;;;;;;;;;;;;;;;;;;;;;;;;;;;;;;;;;;;;;;;;;;;;;;;;
summer_155;1;Veni Vidi Vici;Ramboot Club;0;2025-07-17;3;;;;;;;;;;;;;;;;;;;;;;;;;;;;;;;;;;;;;;;;;;;;;;;;;;;;;;;;;;;;
summer_156;1;GIANTX Pride;Los Heretics;1;2025-07-17;3;;;;;;;;;;;;;;;;;;;;;;;;;;;;;;;;;;;;;;;;;;;;;;;;;;;;;;;;;;;;
summer_157;1;Movistar KOI Fnix;UCAM Esports;1;2025-07-17;3;;;;;;;;;;;;;;;;;;;;;;;;;;;;;;;;;;;;;;;;;;;;;;;;;;;;;;;;;;;;
summer_158;1;ZETA;Bara eSports;0;2025-07-17;3;;;;;;;;;;;;;;;;;;;;;;;;;;;;;;;;;;;;;;;;;;;;;;;;;;;;;;;;;;;;
summer_159;1;LUA Gaming;Guasones;1;2025-07-17;3;;;;;;;;;;;;;;;;;;;;;;;;;;;;;;;;;;;;;;;;;;;;;;;;;;;;;;;;;;;;
summer_160;1;Veni Vidi Vici;Los Heretics;0;2025-07-16;3;;;;;;;;;;;;;;;;;;;;;;;;;;;;;;;;;;;;;;;;;;;;;;;;;;;;;;;;;;;;
summer_161;1;Bara eSports;Movistar KOI Fnix;0;2025-07-16;3;;;;;;;;;;;;;;;;;;;;;;;;;;;;;;;;;;;;;;;;;;;;;;;;;;;;;;;;;;;;
summer_162;1;UCAM Esports;GIANTX Pride;0;2025-07-16;3;;;;;;;;;;;;;;;;;;;;;;;;;;;;;;;;;;;;;;;;;;;;;;;;;;;;;;;;;;;;
summer_163;1;Ramboot Club;LUA Gaming;1;2025-07-16;3;;;;;;;;;;;;;;;;;;;;;;;;;;;;;;;;;;;;;;;;;;;;;;;;;;;;;;;;;;;;
summer_164;1;ZETA;Guasones;1;2025-07-16;3;;;;;;;;;;;;;;;;;;;;;;;;;;;;;;;;;;;;;;;;;;;;;;;;;;;;;;;;;;;;
summer_165;1;Veni Vidi Vici;UCAM Esports;1;2025-07-15;3;;;;;;;;;;;;;;;;;;;;;;;;;;;;;;;;;;;;;;;;;;;;;;;;;;;;;;;;;;;;
summer_166;1;GIANTX Pride;Bara eSports;1;2025-07-15;3;;;;;;;;;;;;;;;;;;;;;;;;;;;;;;;;;;;;;;;;;;;;;;;;;;;;;;;;;;;;
summer_167;1;Los Heretics;LUA Gaming;1;2025-07-15;3;;;;;;;;;;;;;;;;;;;;;;;;;;;;;;;;;;;;;;;;;;;;;;;;;;;;;;;;;;;;
summer_168;1;Ramboot Club;Guasones;1;2025-07-15;3;;;;;;;;;;;;;;;;;;;;;;;;;;;;;;;;;;;;;;;;;;;;;;;;;;;;;;;;;;;;
summer_169;1;Movistar KOI Fnix;ZETA;1;2025-07-15;3;;;;;;;;;;;;;;;;;;;;;;;;;;;;;;;;;;;;;;;;;;;;;;;;;;;;;;;;;;;;
summer_170;1;Austrian Force Willhaben;Berlin International Gaming;0;2025-08-01;3;;;;;;;;;;;;;;;;;;;;;;;;;;;;;;;;;;;;;;;;;;;;;;;;;;;;;;;;;;;;
summer_170;2;Austrian Force Willhaben;Berlin International Gaming;0;2025-08-01;3;;;;;;;;;;;;;;;;;;;;;;;;;;;;;;;;;;;;;;;;;;;;;;;;;;;;;;;;;;;;
summer_171;1;TeamOrangeGaming;ROSSMANN Centaurs;1;2025-08-01;3;;;;;;;;;;;;;;;;;;;;;;;;;;;;;;;;;;;;;;;;;;;;;;;;;;;;;;;;;;;;
summer_171;2;TeamOrangeGaming;ROSSMANN Centaurs;0;2025-08-01;3;;;;;;;;;;;;;;;;;;;;;;;;;;;;;;;;;;;;;;;;;;;;;;;;;;;;;;;;;;;;
summer_171;3;TeamOrangeGaming;ROSSMANN Centaurs;0;2025-08-01;3;;;;;;;;;;;;;;;;;;;;;;;;;;;;;;;;;;;;;;;;;;;;;;;;;;;;;;;;;;;;
summer_172;1;Berlin International Gaming;Eintracht Frankfurt;1;2025-07-30;3;;;;;;;;;;;;;;;;;;;;;;;;;;;;;;;;;;;;;;;;;;;;;;;;;;;;;;;;;;;;
summer_172;2;Berlin International Gaming;Eintracht Frankfurt;1;2025-07-30;3;;;;;;;;;;;;;;;;;;;;;;;;;;;;;;;;;;;;;;;;;;;;;;;;;;;;;;;;;;;;
summer_172;3;Berlin International Gaming;Eintracht Frankfurt;0;2025-07-30;3;;;;;;;;;;;;;;;;;;;;;;;;;;;;;;;;;;;;;;;;;;;;;;;;;;;;;;;;;;;;
summer_173;1;CGN Esports;Eintracht Spandau;0;2025-07-30;3;;;;;;;;;;;;;;;;;;;;;;;;;;;;;;;;;;;;;;;;;;;;;;;;;;;;;;;;;;;;
summer_174;1;E WIE EINFACH E-SPORTS;Kaufland Hangry Knights;1;2025-07-29;3;;;;;;;;;;;;;;;;;;;;;;;;;;;;;;;;;;;;;;;;;;;;;;;;;;;;;;;;;;;;
summer_174;2;E WIE EINFACH E-SPORTS;Kaufland Hangry Knights;1;2025-07-29;3;;;;;;;;;;;;;;;;;;;;;;;;;;;;;;;;;;;;;;;;;;;;;;;;;;;;;;;;;;;;
summer_175;1;Unicorns of Love Sexy Edition;TeamOrangeGaming;0;2025-07-29;3;;;;;;;;;;;;;;;;;;;;;;;;;;;;;;;;;;;;;;;;;;;;;;;;;;;;;;;;;;;;
summer_175;2;Unicorns of Love Sexy Edition;TeamOrangeGaming;0;2025-07-29;3;;;;;;;;;;;;;;;;;;;;;;;;;;;;;;;;;;;;;;;;;;;;;;;;;;;;;;;;;;;;
summer_176;1;TeamOrangeGaming;Kaufland Hangry Knights;1;2025-07-27;3;;;;;;;;;;;;;;;;;;;;;;;;;;;;;;;;;;;;;;;;;;;;;;;;;;;;;;;;;;;;
summer_176;2;TeamOrangeGaming;Kaufland Hangry Knights;1;2025-07-27;3;;;;;;;;;;;;;;;;;;;;;;;;;;;;;;;;;;;;;;;;;;;;;;;;;;;;;;;;;;;;
summer_177;1;Austrian Force Willhaben;ROSSMANN Centaurs;1;2025-07-27;3;;;;;;;;;;;;;;;;;;;;;;;;;;;;;;;;;;;;;;;;;;;;;;;;;;;;;;;;;;;;
summer_177;2;Austrian Force Willhaben;ROSSMANN Centaurs;1;2025-07-27;3;;;;;;;;;;;;;;;;;;;;;;;;;;;;;;;;;;;;;;;;;;;;;;;;;;;;;;;;;;;;
summer_177;3;Austrian Force Willhaben;ROSSMANN Centaurs;0;2025-07-27;3;;;;;;;;;;;;;;;;;;;;;;;;;;;;;;;;;;;;;;;;;;;;;;;;;;;;;;;;;;;;
summer_178;1;Berlin International Gaming;CGN Esports;1;2025-07-26;3;;;;;;;;;;;;;;;;;;;;;;;;;;;;;;;;;;;;;;;;;;;;;;;;;;;;;;;;;;;;
summer_178;2;Berlin International Gaming;CGN Esports;1;2025-07-26;3;;;;;;;;;;;;;;;;;;;;;;;;;;;;;;;;;;;;;;;;;;;;;;;;;;;;;;;;;;;;
summer_179;1;ROSSMANN Centaurs;E WIE EINFACH E-SPORTS;1;2025-07-26;3;;;;;;;;;;;;;;;;;;;;;;;;;;;;;;;;;;;;;;;;;;;;;;;;;;;;;;;;;;;;
summer_179;2;ROSSMANN Centaurs;E WIE EINFACH E-SPORTS;1;2025-07-26;3;;;;;;;;;;;;;;;;;;;;;;;;;;;;;;;;;;;;;;;;;;;;;;;;;;;;;;;;;;;;
summer_179;3;ROSSMANN Centaurs;E WIE EINFACH E-SPORTS;0;2025-07-26;3;;;;;;;;;;;;;;;;;;;;;;;;;;;;;;;;;;;;;;;;;;;;;;;;;;;;;;;;;;;;
summer_180;1;Eintracht Frankfurt;Austrian Force Willhaben;1;2025-07-23;3;;;;;;;;;;;;;;;;;;;;;;;;;;;;;;;;;;;;;;;;;;;;;;;;;;;;;;;;;;;;
summer_180;2;Eintracht Frankfurt;Austrian Force Willhaben;1;2025-07-23;3;;;;;;;;;;;;;;;;;;;;;;;;;;;;;;;;;;;;;;;;;;;;;;;;;;;;;;;;;;;;
summer_180;3;Eintracht Frankfurt;Austrian Force Willhaben;0;2025-07-23;3;;;;;;;;;;;;;;;;;;;;;;;;;;;;;;;;;;;;;;;;;;;;;;;;;;;;;;;;;;;;
summer_181;1;Unicorns of Love Sexy Edition;Eintracht Spandau;1;2025-07-23;3;;;;;;;;;;;;;;;;;;;;;;;;;;;;;;;;;;;;;;;;;;;;;;;;;;;;;;;;;;;;
summer_181;2;Unicorns of Love Sexy Edition;Eintracht Spandau;1;2025-07-23;3;;;;;;;;;;;;;;;;;;;;;;;;;;;;;;;;;;;;;;;;;;;;;;;;;;;;;;;;;;;;
summer_182;1;Berlin International Gaming;E WIE EINFACH E-SPORTS;1;2025-07-22;3;;;;;;;;;;;;;;;;;;;;;;;;;;;;;;;;;;;;;;;;;;;;;;;;;;;;;;;;;;;;
summer_182;2;Berlin International Gaming;E WIE EINFACH E-SPORTS;1;2025-07-22;3;;;;;;;;;;;;;;;;;;;;;;;;;;;;;;;;;;;;;;;;;;;;;;;;;;;;;;;;;;;;
summer_183;1;Eintracht Frankfurt;ROSSMANN Centaurs;1;2025-07-22;3;;;;;;;;;;;;;;;;;;;;;;;;;;;;;;;;;;;;;;;;;;;;;;;;;;;;;;;;;;;;
summer_183;2;Eintracht Frankfurt;ROSSMANN Centaurs;0;2025-07-22;3;;;;;;;;;;;;;;;;;;;;;;;;;;;;;;;;;;;;;;;;;;;;;;;;;;;;;;;;;;;;
summer_183;3;Eintracht Frankfurt;ROSSMANN Centaurs;0;2025-07-22;3;;;;;;;;;;;;;;;;;;;;;;;;;;;;;;;;;;;;;;;;;;;;;;;;;;;;;;;;;;;;
summer_184;1;Kaufland Hangry Knights;CGN Esports;0;2025-07-20;3;;;;;;;;;;;;;;;;;;;;;;;;;;;;;;;;;;;;;;;;;;;;;;;;;;;;;;;;;;;;
summer_184;2;Kaufland Hangry Knights;CGN Esports;0;2025-07-20;3;;;;;;;;;;;;;;;;;;;;;;;;;;;;;;;;;;;;;;;;;;;;;;;;;;;;;;;;;;;;
summer_185;1;Austrian Force Willhaben;Unicorns of Love Sexy Edition;0;2025-07-20;3;;;;;;;;;;;;;;;;;;;;;;;;;;;;;;;;;;;;;;;;;;;;;;;;;;;;;;;;;;;;
summer_185;2;Austrian Force Willhaben;Unicorns of Love Sexy Edition;0;2025-07-20;3;;;;;;;;;;;;;;;;;;;;;;;;;;;;;;;;;;;;;;;;;;;;;;;;;;;;;;;;;;;;
summer_186;1;TeamOrangeGaming;Eintracht Spandau;1;2025-07-19;3;;;;;;;;;;;;;;;;;;;;;;;;;;;;;;;;;;;;;;;;;;;;;;;;;;;;;;;;;;;;
summer_186;2;TeamOrangeGaming;Eintracht Spandau;1;2025-07-19;3;;;;;;;;;;;;;;;;;;;;;;;;;;;;;;;;;;;;;;;;;;;;;;;;;;;;;;;;;;;;
summer_187;1;ROSSMANN Centaurs;Berlin International Gaming;1;2025-07-19;3;;;;;;;;;;;;;;;;;;;;;;;;;;;;;;;;;;;;;;;;;;;;;;;;;;;;;;;;;;;;
summer_187;2;ROSSMANN Centaurs;Berlin International Gaming;0;2025-07-19;3;;;;;;;;;;;;;;;;;;;;;;;;;;;;;;;;;;;;;;;;;;;;;;;;;;;;;;;;;;;;
summer_187;3;ROSSMANN Centaurs;Berlin International Gaming;0;2025-07-19;3;;;;;;;;;;;;;;;;;;;;;;;;;;;;;;;;;;;;;;;;;;;;;;;;;;;;;;;;;;;;
summer_188;1;Kaufland Hangry Knights;Unicorns of Love Sexy Edition;1;2025-07-16;3;;;;;;;;;;;;;;;;;;;;;;;;;;;;;;;;;;;;;;;;;;;;;;;;;;;;;;;;;;;;
summer_188;2;Kaufland Hangry Knights;Unicorns of Love Sexy Edition;1;2025-07-16;3;;;;;;;;;;;;;;;;;;;;;;;;;;;;;;;;;;;;;;;;;;;;;;;;;;;;;;;;;;;;
summer_188;3;Kaufland Hangry Knights;Unicorns of Love Sexy Edition;0;2025-07-16;3;;;;;;;;;;;;;;;;;;;;;;;;;;;;;;;;;;;;;;;;;;;;;;;;;;;;;;;;;;;;
summer_189;1;E WIE EINFACH E-SPORTS;Austrian Force Willhaben;1;2025-07-16;3;;;;;;;;;;;;;;;;;;;;;;;;;;;;;;;;;;;;;;;;;;;;;;;;;;;;;;;;;;;;
summer_189;2;E WIE EINFACH E-SPORTS;Austrian Force Willhaben;0;2025-07-16;3;;;;;;;;;;;;;;;;;;;;;;;;;;;;;;;;;;;;;;;;;;;;;;;;;;;;;;;;;;;;
summer_189;3;E WIE EINFACH E-SPORTS;Austrian Force Willhaben;0;2025-07-16;3;;;;;;;;;;;;;;;;;;;;;;;;;;;;;;;;;;;;;;;;;;;;;;;;;;;;;;;;;;;;
summer_190;1;Eintracht Frankfurt;Eintracht Spandau;1;2025-07-15;3;;;;;;;;;;;;;;;;;;;;;;;;;;;;;;;;;;;;;;;;;;;;;;;;;;;;;;;;;;;;
summer_190;2;Eintracht Frankfurt;Eintracht Spandau;1;2025-07-15;3;;;;;;;;;;;;;;;;;;;;;;;;;;;;;;;;;;;;;;;;;;;;;;;;;;;;;;;;;;;;
summer_191;1;TeamOrangeGaming;CGN Esports;1;2025-07-15;3;;;;;;;;;;;;;;;;;;;;;;;;;;;;;;;;;;;;;;;;;;;;;;;;;;;;;;;;;;;;
summer_191;2;TeamOrangeGaming;CGN Esports;1;2025-07-15;3;;;;;;;;;;;;;;;;;;;;;;;;;;;;;;;;;;;;;;;;;;;;;;;;;;;;;;;;;;;;
summer_191;3;TeamOrangeGaming;CGN Esports;0;2025-07-15;3;;;;;;;;;;;;;;;;;;;;;;;;;;;;;;;;;;;;;;;;;;;;;;;;;;;;;;;;;;;;
